question,answer
Who won the 1930 FIFA World Cup?,Uruguay
Which team was crowned champion of the 1930 FIFA World Cup?,Uruguay
Which country hosted the 1930 FIFA World Cup?,Uruguay
In which country was the 1930 FIFA World Cup held?,Uruguay
Who was the runner-up in the 1930 FIFA World Cup?,Argentina
Which team lost the final of the 1930 FIFA World Cup?,Argentina
Who won the golden boot at the 1930 FIFA World Cup?,Guillermo-Stabile
Who was the top scorer at the 1930 FIFA World Cup?,Guillermo-Stabile
How many goals did the top scorer at the 1930 FIFA World Cup score?,8
Who won the 1934 FIFA World Cup?,Italy
Which team was crowned champion of the 1934 FIFA World Cup?,Italy
Which country hosted the 1934 FIFA World Cup?,Italy
In which country was the 1934 FIFA World Cup held?,Italy
Who was the runner-up in the 1934 FIFA World Cup?,Czechoslovakia
Which team lost the final of the 1934 FIFA World Cup?,Czechoslovakia
Who won the golden boot at the 1934 FIFA World Cup?,Oldrich-Nejedly
Who was the top scorer at the 1934 FIFA World Cup?,Oldrich-Nejedly
How many goals did the top scorer at the 1934 FIFA World Cup score?,5
Who won the 1938 FIFA World Cup?,Italy
Which team was crowned champion of the 1938 FIFA World Cup?,Italy
Which country hosted the 1938 FIFA World Cup?,France
In which country was the 1938 FIFA World Cup held?,France
Who was the runner-up in the 1938 FIFA World Cup?,Hungary
Which team lost the final of the 1938 FIFA World Cup?,Hungary
Who won the golden boot at the 1938 FIFA World Cup?,Leonidas
Who was the top scorer at the 1938 FIFA World Cup?,Leonidas
How many goals did the top scorer at the 1938 FIFA World Cup score?,7
Who won the 1950 FIFA World Cup?,Uruguay
Which team was crowned champion of the 1950 FIFA World Cup?,Uruguay
Which country hosted the 1950 FIFA World Cup?,Brazil
In which country was the 1950 FIFA World Cup held?,Brazil
Who was the runner-up in the 1950 FIFA World Cup?,Brazil
Which team lost the final of the 1950 FIFA World Cup?,Brazil
Who won the golden boot at the 1950 FIFA World Cup?,Ademir
Who was the top scorer at the 1950 FIFA World Cup?,Ademir
How many goals did the top scorer at the 1950 FIFA World Cup score?,9
Who won the 1954 FIFA World Cup?,WestGermany
Which team was crowned champion of the 1954 FIFA World Cup?,WestGermany
Which country hosted the 1954 FIFA World Cup?,Switzerland
In which country was the 1954 FIFA World Cup held?,Switzerland
Who was the runner-up in the 1954 FIFA World Cup?,Hungary
Which team lost the final of the 1954 FIFA World Cup?,Hungary
Who won the golden boot at the 1954 FIFA World Cup?,Sandor-Kocsis
Who was the top scorer at the 1954 FIFA World Cup?,Sandor-Kocsis
How many goals did the top scorer at the 1954 FIFA World Cup score?,11
Who won the 1958 FIFA World Cup?,Brazil
Which team was crowned champion of the 1958 FIFA World Cup?,Brazil
Which country hosted the 1958 FIFA World Cup?,Sweden
In which country was the 1958 FIFA World Cup held?,Sweden
Who was the runner-up in the 1958 FIFA World Cup?,Sweden
Which team lost the final of the 1958 FIFA World Cup?,Sweden
Who won the golden boot at the 1958 FIFA World Cup?,Just-Fontaine
Who was the top scorer at the 1958 FIFA World Cup?,Just-Fontaine
How many goals did the top scorer at the 1958 FIFA World Cup score?,13
Who won the 1962 FIFA World Cup?,Brazil
Which team was crowned champion of the 1962 FIFA World Cup?,Brazil
Which country hosted the 1962 FIFA World Cup?,Chile
In which country was the 1962 FIFA World Cup held?,Chile
Who was the runner-up in the 1962 FIFA World Cup?,Czechoslovakia
Which team lost the final of the 1962 FIFA World Cup?,Czechoslovakia
Who won the 1966 FIFA World Cup?,England
Which team was crowned champion of the 1966 FIFA World Cup?,England
Which country hosted the 1966 FIFA World Cup?,England
In which country was the 1966 FIFA World Cup held?,England
Who was the runner-up in the 1966 FIFA World Cup?,WestGermany
Which team lost the final of the 1966 FIFA World Cup?,WestGermany
Who won the golden boot at the 1966 FIFA World Cup?,Eusebio
Who was the top scorer at the 1966 FIFA World Cup?,Eusebio
How many goals did the top scorer at the 1966 FIFA World Cup score?,9
Who won the 1970 FIFA World Cup?,Brazil
Which team was crowned champion of the 1970 FIFA World Cup?,Brazil
Which country hosted the 1970 FIFA World Cup?,Mexico
In which country was the 1970 FIFA World Cup held?,Mexico
Who was the runner-up in the 1970 FIFA World Cup?,Italy
Which team lost the final of the 1970 FIFA World Cup?,Italy
Who won the golden boot at the 1970 FIFA World Cup?,Gerd-Muller
Who was the top scorer at the 1970 FIFA World Cup?,Gerd-Muller
How many goals did the top scorer at the 1970 FIFA World Cup score?,10
Who won the 1974 FIFA World Cup?,WestGermany
Which team was crowned champion of the 1974 FIFA World Cup?,WestGermany
Which country hosted the 1974 FIFA World Cup?,WestGermany
In which country was the 1974 FIFA World Cup held?,WestGermany
Who was the runner-up in the 1974 FIFA World Cup?,Netherlands
Which team lost the final of the 1974 FIFA World Cup?,Netherlands
Who won the golden boot at the 1974 FIFA World Cup?,Grzegorz-Lato
Who was the top scorer at the 1974 FIFA World Cup?,Grzegorz-Lato
How many goals did the top scorer at the 1974 FIFA World Cup score?,7
Who won the 1978 FIFA World Cup?,Argentina
Which team was crowned champion of the 1978 FIFA World Cup?,Argentina
Which country hosted the 1978 FIFA World Cup?,Argentina
In which country was the 1978 FIFA World Cup held?,Argentina
Who was the runner-up in the 1978 FIFA World Cup?,Netherlands
Which team lost the final of the 1978 FIFA World Cup?,Netherlands
Who won the golden boot at the 1978 FIFA World Cup?,Mario-Kempes
Who was the top scorer at the 1978 FIFA World Cup?,Mario-Kempes
How many goals did the top scorer at the 1978 FIFA World Cup score?,6
Who won the 1982 FIFA World Cup?,Italy
Which team was crowned champion of the 1982 FIFA World Cup?,Italy
Which country hosted the 1982 FIFA World Cup?,Spain
In which country was the 1982 FIFA World Cup held?,Spain
Who was the runner-up in the 1982 FIFA World Cup?,WestGermany
Which team lost the final of the 1982 FIFA World Cup?,WestGermany
Who won the golden boot at the 1982 FIFA World Cup?,Paolo-Rossi
Who was the top scorer at the 1982 FIFA World Cup?,Paolo-Rossi
How many goals did the top scorer at the 1982 FIFA World Cup score?,6
Who won the 1986 FIFA World Cup?,Argentina
Which team was crowned champion of the 1986 FIFA World Cup?,Argentina
Which country hosted the 1986 FIFA World Cup?,Mexico
In which country was the 1986 FIFA World Cup held?,Mexico
Who was the runner-up in the 1986 FIFA World Cup?,WestGermany
Which team lost the final of the 1986 FIFA World Cup?,WestGermany
Who won the golden boot at the 1986 FIFA World Cup?,Gary-Lineker
Who was the top scorer at the 1986 FIFA World Cup?,Gary-Lineker
How many goals did the top scorer at the 1986 FIFA World Cup score?,6
Who won the 1990 FIFA World Cup?,WestGermany
Which team was crowned champion of the 1990 FIFA World Cup?,WestGermany
Which country hosted the 1990 FIFA World Cup?,Italy
In which country was the 1990 FIFA World Cup held?,Italy
Who was the runner-up in the 1990 FIFA World Cup?,Argentina
Which team lost the final of the 1990 FIFA World Cup?,Argentina
Who won the golden boot at the 1990 FIFA World Cup?,Salvatore-Schillaci
Who was the top scorer at the 1990 FIFA World Cup?,Salvatore-Schillaci
How many goals did the top scorer at the 1990 FIFA World Cup score?,6
Who won the 1994 FIFA World Cup?,Brazil
Which team was crowned champion of the 1994 FIFA World Cup?,Brazil
Which country hosted the 1994 FIFA World Cup?,USA
In which country was the 1994 FIFA World Cup held?,USA
Who was the runner-up in the 1994 FIFA World Cup?,Italy
Which team lost the final of the 1994 FIFA World Cup?,Italy
Who won the golden boot at the 1994 FIFA World Cup?,Hristo-Stoichkov
Who was the top scorer at the 1994 FIFA World Cup?,Hristo-Stoichkov
How many goals did the top scorer at the 1994 FIFA World Cup score?,6
Who won the 1998 FIFA World Cup?,France
Which team was crowned champion of the 1998 FIFA World Cup?,France
Which country hosted the 1998 FIFA World Cup?,France
In which country was the 1998 FIFA World Cup held?,France
Who was the runner-up in the 1998 FIFA World Cup?,Brazil
Which team lost the final of the 1998 FIFA World Cup?,Brazil
Who won the golden boot at the 1998 FIFA World Cup?,Davor-Suker
Who was the top scorer at the 1998 FIFA World Cup?,Davor-Suker
How many goals did the top scorer at the 1998 FIFA World Cup score?,6
Who won the 2002 FIFA World Cup?,Brazil
Which team was crowned champion of the 2002 FIFA World Cup?,Brazil
Which country hosted the 2002 FIFA World Cup?,Japan
In which country was the 2002 FIFA World Cup held?,Japan
Who was the runner-up in the 2002 FIFA World Cup?,Germany
Which team lost the final of the 2002 FIFA World Cup?,Germany
Who won the golden boot at the 2002 FIFA World Cup?,Ronaldo
Who was the top scorer at the 2002 FIFA World Cup?,Ronaldo
How many goals did the top scorer at the 2002 FIFA World Cup score?,8
Who won the 2006 FIFA World Cup?,Italy
Which team was crowned champion of the 2006 FIFA World Cup?,Italy
Which country hosted the 2006 FIFA World Cup?,Germany
In which country was the 2006 FIFA World Cup held?,Germany
Who was the runner-up in the 2006 FIFA World Cup?,France
Which team lost the final of the 2006 FIFA World Cup?,France
Who won the golden boot at the 2006 FIFA World Cup?,Miroslav-Klose
Who was the top scorer at the 2006 FIFA World Cup?,Miroslav-Klose
How many goals did the top scorer at the 2006 FIFA World Cup score?,5
Who won the 2010 FIFA World Cup?,Spain
Which team was crowned champion of the 2010 FIFA World Cup?,Spain
Which country hosted the 2010 FIFA World Cup?,SouthAfrica
In which country was the 2010 FIFA World Cup held?,SouthAfrica
Who was the runner-up in the 2010 FIFA World Cup?,Netherlands
Which team lost the final of the 2010 FIFA World Cup?,Netherlands
Who won the golden boot at the 2010 FIFA World Cup?,Thomas-Muller
Who was the top scorer at the 2010 FIFA World Cup?,Thomas-Muller
How many goals did the top scorer at the 2010 FIFA World Cup score?,5
Who won the 2014 FIFA World Cup?,Germany
Which team was crowned champion of the 2014 FIFA World Cup?,Germany
Which country hosted the 2014 FIFA World Cup?,Brazil
In which country was the 2014 FIFA World Cup held?,Brazil
Who was the runner-up in the 2014 FIFA World Cup?,Argentina
Which team lost the final of the 2014 FIFA World Cup?,Argentina
Who won the golden boot at the 2014 FIFA World Cup?,James-Rodriguez
Who was the top scorer at the 2014 FIFA World Cup?,James-Rodriguez
How many goals did the top scorer at the 2014 FIFA World Cup score?,6
Who won the 2018 FIFA World Cup?,France
Which team was crowned champion of the 2018 FIFA World Cup?,France
Which country hosted the 2018 FIFA World Cup?,Russia
In which country was the 2018 FIFA World Cup held?,Russia
Who was the runner-up in the 2018 FIFA World Cup?,Croatia
Which team lost the final of the 2018 FIFA World Cup?,Croatia
Who won the golden boot at the 2018 FIFA World Cup?,Harry-Kane
Who was the top scorer at the 2018 FIFA World Cup?,Harry-Kane
How many goals did the top scorer at the 2018 FIFA World Cup score?,6
Who won the 2022 FIFA World Cup?,Argentina
Which team was crowned champion of the 2022 FIFA World Cup?,Argentina
Which country hosted the 2022 FIFA World Cup?,Qatar
In which country was the 2022 FIFA World Cup held?,Qatar
Who was the runner-up in the 2022 FIFA World Cup?,France
Which team lost the final of the 2022 FIFA World Cup?,France
Who won the golden boot at the 2022 FIFA World Cup?,Kylian-Mbappe
Who was the top scorer at the 2022 FIFA World Cup?,Kylian-Mbappe
How many goals did the top scorer at the 2022 FIFA World Cup score?,8
Which country hosted the very first FIFA World Cup in 1930?,Uruguay
Which country has won the most FIFA World Cups?,Brazil
How many World Cups has Brazil won?,5
How many World Cups has Argentina won?,3
How many World Cups has Germany won?,4
How many World Cups has Italy won?,4
How many World Cups has Uruguay won?,2
How many World Cups has France won?,2
Who is the all-time top scorer in FIFA World Cup history?,Kylian-Mbappe
How many World Cup goals did Miroslav Klose score in total?,16
Who holds the record for most goals scored in a single World Cup tournament?,Just-Fontaine
How many goals did Just Fontaine score at the 1958 World Cup?,13
Who scored the fastest goal in World Cup history?,Hakan-Sukur
Which player has won the most World Cup winner's medals?,Pele
How many World Cups did Pele win with Brazil?,3
Who is the youngest player to score in a World Cup final?,Pele
Which country will host the 2026 FIFA World Cup along with the USA and Canada?,Mexico
Which country will become the first ever to host three FIFA World Cups after 2026?,Mexico
What was the name of the original World Cup trophy used until 1970?,Jules-Rimet-Trophy
How often is the FIFA World Cup held?,4-years
Which governing body organizes the FIFA World Cup?,FIFA
In which year was FIFA founded?,1904
In which country was FIFA founded?,France
Who won the UEFA European Championship in 1960?,SovietUnion
Which team was crowned Euro 1960 champion?,SovietUnion
Which country hosted the 1960 UEFA European Championship?,France
Which team was the runner-up at Euro 1960?,Yugoslavia
Who won the UEFA European Championship in 1964?,Spain
Which team was crowned Euro 1964 champion?,Spain
Which country hosted the 1964 UEFA European Championship?,Spain
Which team was the runner-up at Euro 1964?,SovietUnion
Who won the UEFA European Championship in 1968?,Italy
Which team was crowned Euro 1968 champion?,Italy
Which country hosted the 1968 UEFA European Championship?,Italy
Which team was the runner-up at Euro 1968?,Yugoslavia
Who won the UEFA European Championship in 1972?,WestGermany
Which team was crowned Euro 1972 champion?,WestGermany
Which country hosted the 1972 UEFA European Championship?,Belgium
Which team was the runner-up at Euro 1972?,SovietUnion
Who won the UEFA European Championship in 1976?,Czechoslovakia
Which team was crowned Euro 1976 champion?,Czechoslovakia
Which country hosted the 1976 UEFA European Championship?,Yugoslavia
Which team was the runner-up at Euro 1976?,WestGermany
Who won the UEFA European Championship in 1980?,WestGermany
Which team was crowned Euro 1980 champion?,WestGermany
Which country hosted the 1980 UEFA European Championship?,Italy
Which team was the runner-up at Euro 1980?,Belgium
Who won the UEFA European Championship in 1984?,France
Which team was crowned Euro 1984 champion?,France
Which country hosted the 1984 UEFA European Championship?,France
Which team was the runner-up at Euro 1984?,Spain
Who won the UEFA European Championship in 1988?,Netherlands
Which team was crowned Euro 1988 champion?,Netherlands
Which country hosted the 1988 UEFA European Championship?,WestGermany
Which team was the runner-up at Euro 1988?,SovietUnion
Who won the UEFA European Championship in 1992?,Denmark
Which team was crowned Euro 1992 champion?,Denmark
Which country hosted the 1992 UEFA European Championship?,Sweden
Which team was the runner-up at Euro 1992?,Germany
Who won the UEFA European Championship in 1996?,Germany
Which team was crowned Euro 1996 champion?,Germany
Which country hosted the 1996 UEFA European Championship?,England
Which team was the runner-up at Euro 1996?,Czechia
Who won the UEFA European Championship in 2000?,France
Which team was crowned Euro 2000 champion?,France
Which country hosted the 2000 UEFA European Championship?,Belgium
Which team was the runner-up at Euro 2000?,Italy
Who won the UEFA European Championship in 2004?,Greece
Which team was crowned Euro 2004 champion?,Greece
Which country hosted the 2004 UEFA European Championship?,Portugal
Which team was the runner-up at Euro 2004?,Portugal
Who won the UEFA European Championship in 2008?,Spain
Which team was crowned Euro 2008 champion?,Spain
Which country hosted the 2008 UEFA European Championship?,Austria
Which team was the runner-up at Euro 2008?,Germany
Who won the UEFA European Championship in 2012?,Spain
Which team was crowned Euro 2012 champion?,Spain
Which country hosted the 2012 UEFA European Championship?,Poland
Which team was the runner-up at Euro 2012?,Italy
Who won the UEFA European Championship in 2016?,Portugal
Which team was crowned Euro 2016 champion?,Portugal
Which country hosted the 2016 UEFA European Championship?,France
Which team was the runner-up at Euro 2016?,France
Who won the UEFA European Championship in 2021?,Italy
Which team was crowned Euro 2021 champion?,Italy
Which team was the runner-up at Euro 2021?,England
Who won the UEFA European Championship in 2024?,Spain
Which team was crowned Euro 2024 champion?,Spain
Which country hosted the 2024 UEFA European Championship?,Germany
Which team was the runner-up at Euro 2024?,England
Which country has won the most UEFA European Championships?,Spain
How many European Championship titles has Spain won?,4
How many European Championship titles has Germany won?,3
How many European Championship titles has France won?,2
How many European Championship titles has Italy won?,2
What is the trophy of the UEFA European Championship called?,Henri-Delaunay-Trophy
In which year was the first UEFA European Championship held?,1960
How often is the UEFA European Championship held?,4-years
Who won the Copa America in 1916?,Uruguay
Who won the Copa America in 1917?,Uruguay
Who won the Copa America in 1919?,Brazil
Who won the Copa America in 1920?,Uruguay
Who won the Copa America in 1921?,Argentina
Who won the Copa America in 1922?,Brazil
Who won the Copa America in 1923?,Uruguay
Who won the Copa America in 1924?,Uruguay
Who won the Copa America in 1925?,Argentina
Who won the Copa America in 1926?,Uruguay
Who won the Copa America in 1927?,Argentina
Who won the Copa America in 1929?,Argentina
Who won the Copa America in 1935?,Uruguay
Who won the Copa America in 1937?,Argentina
Who won the Copa America in 1939?,Peru
Who won the Copa America in 1941?,Argentina
Who won the Copa America in 1942?,Uruguay
Who won the Copa America in 1945?,Argentina
Who won the Copa America in 1946?,Argentina
Who won the Copa America in 1947?,Argentina
Who won the Copa America in 1949?,Brazil
Who won the Copa America in 1953?,Paraguay
Who won the Copa America in 1955?,Argentina
Who won the Copa America in 1956?,Uruguay
Who won the Copa America in 1957?,Argentina
Who won the Copa America in 1963?,Bolivia
Who won the Copa America in 1967?,Uruguay
Who won the Copa America in 1975?,Peru
Who won the Copa America in 1979?,Paraguay
Who won the Copa America in 1983?,Uruguay
Who won the Copa America in 1987?,Uruguay
Who won the Copa America in 1989?,Brazil
Who won the Copa America in 1991?,Argentina
Who won the Copa America in 1993?,Argentina
Who won the Copa America in 1995?,Uruguay
Who won the Copa America in 1997?,Brazil
Who won the Copa America in 1999?,Brazil
Who won the Copa America in 2001?,Colombia
Who won the Copa America in 2004?,Brazil
Who won the Copa America in 2007?,Brazil
Who won the Copa America in 2011?,Uruguay
Who won the Copa America in 2015?,Chile
Who won the Copa America in 2016?,Chile
Who won the Copa America in 2019?,Brazil
Who won the Copa America in 2021?,Argentina
Who won the Copa America in 2024?,Argentina
Which team lifted the Copa America trophy in 1999?,Brazil
Which team lifted the Copa America trophy in 2001?,Colombia
Which team lifted the Copa America trophy in 2004?,Brazil
Which team lifted the Copa America trophy in 2007?,Brazil
Which team lifted the Copa America trophy in 2011?,Uruguay
Which team lifted the Copa America trophy in 2015?,Chile
Which team lifted the Copa America trophy in 2016?,Chile
Which team lifted the Copa America trophy in 2019?,Brazil
Which team lifted the Copa America trophy in 2021?,Argentina
Which team lifted the Copa America trophy in 2024?,Argentina
Which country hosted the 2011 Copa America?,Argentina
Which country hosted the 2015 Copa America?,Chile
Which country hosted the 2016 Copa America?,USA
Which country hosted the 2019 Copa America?,Brazil
Which country hosted the 2021 Copa America?,Brazil
Which country hosted the 2024 Copa America?,USA
Which country has won the most Copa America titles?,Argentina
How many Copa America titles has Argentina won?,16
How many Copa America titles has Uruguay won?,15
How many Copa America titles has Brazil won?,9
In which year was the first Copa America (South American Championship) held?,1916
Which country hosted the first Copa America in 1916?,Argentina
Which confederation organizes the Copa America?,CONMEBOL
Who won the Ballon d'Or in 1956?,Stanley-Matthews
Who won the Ballon d'Or in 1957?,Alfredo-Di-Stefano
Who won the Ballon d'Or in 1958?,Raymond-Kopa
Who won the Ballon d'Or in 1959?,Alfredo-Di-Stefano
Who won the Ballon d'Or in 1960?,Luis-Suarez
Who won the Ballon d'Or in 1961?,Omar-Sivori
Who won the Ballon d'Or in 1962?,Josef-Masopust
Who won the Ballon d'Or in 1963?,Lev-Yashin
Who won the Ballon d'Or in 1964?,Denis-Law
Who won the Ballon d'Or in 1965?,Eusebio
Who won the Ballon d'Or in 1966?,Bobby-Charlton
Who won the Ballon d'Or in 1967?,Florian-Albert
Who won the Ballon d'Or in 1968?,George-Best
Who won the Ballon d'Or in 1969?,Gianni-Rivera
Who won the Ballon d'Or in 1970?,Gerd-Muller
Who won the Ballon d'Or in 1971?,Johan-Cruyff
Who won the Ballon d'Or in 1972?,Franz-Beckenbauer
Who won the Ballon d'Or in 1973?,Johan-Cruyff
Who won the Ballon d'Or in 1974?,Johan-Cruyff
Who won the Ballon d'Or in 1975?,Oleg-Blokhin
Who won the Ballon d'Or in 1976?,Franz-Beckenbauer
Who won the Ballon d'Or in 1977?,Allan-Simonsen
Who won the Ballon d'Or in 1978?,Kevin-Keegan
Who won the Ballon d'Or in 1979?,Kevin-Keegan
Who won the Ballon d'Or in 1980?,Karl-Heinz-Rummenigge
Who won the Ballon d'Or in 1981?,Karl-Heinz-Rummenigge
Who won the Ballon d'Or in 1982?,Paolo-Rossi
Who won the Ballon d'Or in 1983?,Michel-Platini
Who won the Ballon d'Or in 1984?,Michel-Platini
Who won the Ballon d'Or in 1985?,Michel-Platini
Who won the Ballon d'Or in 1986?,Igor-Belanov
Who won the Ballon d'Or in 1987?,Ruud-Gullit
Who won the Ballon d'Or in 1988?,Marco-van-Basten
Who won the Ballon d'Or in 1989?,Marco-van-Basten
Who won the Ballon d'Or in 1990?,Lothar-Matthaus
Who won the Ballon d'Or in 1991?,Jean-Pierre-Papin
Who won the Ballon d'Or in 1992?,Marco-van-Basten
Who won the Ballon d'Or in 1993?,Roberto-Baggio
Who won the Ballon d'Or in 1994?,Hristo-Stoichkov
Who won the Ballon d'Or in 1995?,George-Weah
Who won the Ballon d'Or in 1996?,Matthias-Sammer
Who won the Ballon d'Or in 1997?,Ronaldo
Who won the Ballon d'Or in 1998?,Zinedine-Zidane
Who won the Ballon d'Or in 1999?,Rivaldo
Who won the Ballon d'Or in 2000?,Luis-Figo
Who won the Ballon d'Or in 2001?,Michael-Owen
Who won the Ballon d'Or in 2002?,Ronaldo
Who won the Ballon d'Or in 2003?,Pavel-Nedved
Who won the Ballon d'Or in 2004?,Andriy-Shevchenko
Who won the Ballon d'Or in 2005?,Ronaldinho
Who won the Ballon d'Or in 2006?,Fabio-Cannavaro
Who won the Ballon d'Or in 2007?,Kaka
Who won the Ballon d'Or in 2008?,Cristiano-Ronaldo
Who won the Ballon d'Or in 2009?,Lionel-Messi
Who won the Ballon d'Or in 2010?,Lionel-Messi
Who won the Ballon d'Or in 2011?,Lionel-Messi
Who won the Ballon d'Or in 2012?,Lionel-Messi
Who won the Ballon d'Or in 2013?,Cristiano-Ronaldo
Who won the Ballon d'Or in 2014?,Cristiano-Ronaldo
Who won the Ballon d'Or in 2015?,Lionel-Messi
Who won the Ballon d'Or in 2016?,Cristiano-Ronaldo
Who won the Ballon d'Or in 2017?,Cristiano-Ronaldo
Who won the Ballon d'Or in 2018?,Luka-Modric
Who won the Ballon d'Or in 2019?,Lionel-Messi
Who won the Ballon d'Or in 2021?,Lionel-Messi
Who won the Ballon d'Or in 2022?,Karim-Benzema
Who won the Ballon d'Or in 2023?,Lionel-Messi
Who won the Ballon d'Or in 2024?,Rodri
Who won the Ballon d'Or in 2025?,Ousmane-Dembele
Who has won the most Ballon d'Or awards in history?,Lionel-Messi
How many Ballon d'Or awards has Lionel Messi won?,8
How many Ballon d'Or awards has Cristiano Ronaldo won?,5
In which year was the Ballon d'Or not awarded due to the COVID-19 pandemic?,2020
Which magazine created the Ballon d'Or award?,FranceFootball
In which year was the Ballon d'Or first awarded?,1956
Who won the first ever Women's Ballon d'Or in 2018?,Ada-Hegerberg
Who won the Women's Ballon d'Or in 2019?,Megan-Rapinoe
Who won the Women's Ballon d'Or in 2021?,Alexia-Putellas
Who won the Women's Ballon d'Or in 2022?,Alexia-Putellas
Who won the Women's Ballon d'Or in 2023?,Aitana-Bonmati
Who won the Women's Ballon d'Or in 2024?,Aitana-Bonmati
Who won the Women's Ballon d'Or in 2025?,Aitana-Bonmati
Who has won the most Women's Ballon d'Or awards?,Aitana-Bonmati
Which club won the European Cup / Champions League in 1956?,Real-Madrid
Which club won the European Cup / Champions League in 1957?,Real-Madrid
Which club won the European Cup / Champions League in 1958?,Real-Madrid
Which club won the European Cup / Champions League in 1959?,Real-Madrid
Which club won the European Cup / Champions League in 1960?,Real-Madrid
Which club won the European Cup / Champions League in 1961?,Benfica
Which club won the European Cup / Champions League in 1962?,Benfica
Which club won the European Cup / Champions League in 1963?,AC-Milan
Which club won the European Cup / Champions League in 1964?,Inter-Milan
Which club won the European Cup / Champions League in 1965?,Inter-Milan
Which club won the European Cup / Champions League in 1966?,Real-Madrid
Which club won the European Cup / Champions League in 1967?,Celtic
Which club won the European Cup / Champions League in 1968?,Manchester-United
Which club won the European Cup / Champions League in 1969?,AC-Milan
Which club won the European Cup / Champions League in 1970?,Feyenoord
Which club won the European Cup / Champions League in 1971?,Ajax
Which club won the European Cup / Champions League in 1972?,Ajax
Which club won the European Cup / Champions League in 1973?,Ajax
Which club won the European Cup / Champions League in 1974?,Bayern-Munich
Which club won the European Cup / Champions League in 1975?,Bayern-Munich
Which club won the European Cup / Champions League in 1976?,Bayern-Munich
Which club won the European Cup / Champions League in 1977?,Liverpool
Which club won the European Cup / Champions League in 1978?,Liverpool
Which club won the European Cup / Champions League in 1979?,Nottingham-Forest
Which club won the European Cup / Champions League in 1980?,Nottingham-Forest
Which club won the European Cup / Champions League in 1981?,Liverpool
Which club won the European Cup / Champions League in 1982?,Aston-Villa
Which club won the European Cup / Champions League in 1983?,Hamburger-SV
Which club won the European Cup / Champions League in 1984?,Liverpool
Which club won the European Cup / Champions League in 1985?,Juventus
Which club won the European Cup / Champions League in 1986?,Steaua-Bucuresti
Which club won the European Cup / Champions League in 1987?,Porto
Which club won the European Cup / Champions League in 1988?,PSV-Eindhoven
Which club won the European Cup / Champions League in 1989?,AC-Milan
Which club won the European Cup / Champions League in 1990?,AC-Milan
Which club won the European Cup / Champions League in 1991?,Red-Star-Belgrade
Which club won the European Cup / Champions League in 1992?,Barcelona
Which club won the European Cup / Champions League in 1993?,Marseille
Which club won the European Cup / Champions League in 1994?,AC-Milan
Which club won the European Cup / Champions League in 1995?,Ajax
Which club won the European Cup / Champions League in 1996?,Juventus
Which club won the European Cup / Champions League in 1997?,Borussia-Dortmund
Which club won the European Cup / Champions League in 1998?,Real-Madrid
Which club won the European Cup / Champions League in 1999?,Manchester-United
Which club won the European Cup / Champions League in 2000?,Real-Madrid
Which club won the European Cup / Champions League in 2001?,Bayern-Munich
Which club won the European Cup / Champions League in 2002?,Real-Madrid
Which club won the European Cup / Champions League in 2003?,AC-Milan
Which club won the European Cup / Champions League in 2004?,Porto
Which club won the European Cup / Champions League in 2005?,Liverpool
Which club won the European Cup / Champions League in 2006?,Barcelona
Which club won the European Cup / Champions League in 2007?,AC-Milan
Which club won the European Cup / Champions League in 2008?,Manchester-United
Which club won the European Cup / Champions League in 2009?,Barcelona
Which club won the European Cup / Champions League in 2010?,Inter-Milan
Which club won the European Cup / Champions League in 2011?,Barcelona
Which club won the European Cup / Champions League in 2012?,Chelsea
Which club won the European Cup / Champions League in 2013?,Bayern-Munich
Which club won the European Cup / Champions League in 2014?,Real-Madrid
Which club won the European Cup / Champions League in 2015?,Barcelona
Which club won the European Cup / Champions League in 2016?,Real-Madrid
Which club won the European Cup / Champions League in 2017?,Real-Madrid
Which club won the European Cup / Champions League in 2018?,Real-Madrid
Which club won the European Cup / Champions League in 2019?,Liverpool
Which club won the European Cup / Champions League in 2020?,Bayern-Munich
Which club won the European Cup / Champions League in 2021?,Chelsea
Which club won the European Cup / Champions League in 2022?,Real-Madrid
Which club won the European Cup / Champions League in 2023?,Manchester-City
Which club won the European Cup / Champions League in 2024?,Real-Madrid
Which club won the European Cup / Champions League in 2025?,PSG
Which club won the European Cup / Champions League in 2026?,PSG
Who lifted the UEFA Champions League trophy in 2015?,Barcelona
Who lifted the UEFA Champions League trophy in 2016?,Real-Madrid
Who lifted the UEFA Champions League trophy in 2017?,Real-Madrid
Who lifted the UEFA Champions League trophy in 2018?,Real-Madrid
Who lifted the UEFA Champions League trophy in 2019?,Liverpool
Who lifted the UEFA Champions League trophy in 2020?,Bayern-Munich
Who lifted the UEFA Champions League trophy in 2021?,Chelsea
Who lifted the UEFA Champions League trophy in 2022?,Real-Madrid
Who lifted the UEFA Champions League trophy in 2023?,Manchester-City
Who lifted the UEFA Champions League trophy in 2024?,Real-Madrid
Who lifted the UEFA Champions League trophy in 2025?,PSG
Who lifted the UEFA Champions League trophy in 2026?,PSG
Which club was the runner-up in the 2018 Champions League final?,Liverpool
Which club was the runner-up in the 2019 Champions League final?,Tottenham
Which club was the runner-up in the 2022 Champions League final?,Liverpool
Which club was the runner-up in the 2023 Champions League final?,Inter-Milan
Which club was the runner-up in the 2024 Champions League final?,Borussia-Dortmund
Which club was the runner-up in the 2025 Champions League final?,Inter-Milan
Which club was the runner-up in the 2026 Champions League final?,Arsenal
Which club has won the most UEFA Champions League / European Cup titles?,Real-Madrid
How many Champions League titles has Real Madrid won?,15
How many Champions League titles has AC Milan won?,7
How many Champions League titles has Bayern Munich won?,6
How many Champions League titles has Liverpool won?,6
How many Champions League titles has Barcelona won?,5
Which club won its first ever Champions League title in 2025?,PSG
In which year was the European Cup first held?,1956
In which year was the European Cup renamed the UEFA Champions League?,1992
How many players are on a football team on the pitch at one time?,11
"How many minutes are there in a standard football match, excluding stoppage time?",90
How many minutes long is each half of a football match?,45
What color card is used to caution a player in football?,Yellow
What color card is shown to send a player off in football?,Red
What is it called when a player scores three goals in one match?,Hat-trick
What is the term for a match that ends with no goals scored by either team?,Goalless-draw
What is it called when the ball goes out over the touchline and is thrown back in?,Throw-in
What is the position called for the player who guards the goal?,Goalkeeper
What rule prevents an attacking player from being ahead of the last defender at the moment the ball is played to them?,Offside
Which governing body oversees European football?,UEFA
Which governing body oversees South American football?,CONMEBOL
Which governing body oversees African football?,CAF
Which governing body oversees Asian football?,AFC
Which governing body oversees North American football?,CONCACAF
What is the maximum number of substitutions typically allowed in a professional match today?,5
What is the standard duration of extra time in a knockout football match if scores are level?,30
What is it called when a match is decided by players taking turns to shoot from the penalty spot?,Penalty-shootout
What is the name for a foul committed by a defender inside their own penalty area that results in a spot kick?,Penalty
Which club competition is nicknamed 'the Champions League'?,UEFAChampionsLeague
What is the informal name for a match between two fierce local rivals?,Derby
What is the term for a goal scored using the back of the heel?,Backheel
What is the term used when a player deliberately handles the ball to stop a goal?,Handball
What is the name for the area in front of each goal marked by lines?,PenaltyBox
"What is the maximum number of officials on the pitch during a standard match, including the referee?",4
What is the name of the person who assists the main referee along the touchline?,AssistantReferee
Which technology is used to help referees decide close offside and penalty calls?,VAR
What does VAR stand for in football?,VideoAssistantReferee
What is the maximum size of a football squad usually named for a World Cup?,26
What is a set piece taken from a corner of the pitch called?,Corner-kick
What is a direct free kick awarded near the opponent's goal often used to attempt a curling shot called?,Free-kick
What is the shape of a regulation football pitch?,Rectangle
What is the term for the line running across the middle of the pitch?,Halfway-line
What is the name for the small arc at the edge of the penalty area?,D-arc
What is the term for a pass played behind the defensive line for a teammate to run onto?,Through-ball
What is the name for a shot that curves due to spin on the ball?,Swerve
What is the term for a defender's last-ditch sliding challenge to stop an attacker?,Tackle
What is the name for the official time added at the end of each half for stoppages?,Stoppage-time
What is a match called when it is the second meeting between two teams in a two-legged tie?,Second-leg
What is the term for a game that is drawn and decided by overall goals across two matches?,Aggregate
What is it called when a player scores six goals in one match?,Double-hat-trick
What competition format is a single-elimination format where losing once ends participation called?,Knockout
What is the name of the award given to the best goalkeeper at a FIFA World Cup?,GoldenGloveAward
Who won the Golden Glove award at the 2022 FIFA World Cup?,Emiliano-Martinez
Who won the Golden Ball award for the best player at the 2022 FIFA World Cup?,Lionel-Messi
Who won the Golden Ball award for the best player at the 2018 FIFA World Cup?,Luka-Modric
Who won the Golden Ball award for the best player at the 2014 FIFA World Cup?,Lionel-Messi
Who won the Golden Ball award for the best player at the 2010 FIFA World Cup?,Diego-Forlan
What is a football boot's studded sole designed to improve?,Grip
Which country is credited with the first international football match in 1872?,Scotland
Who did Scotland play in the first ever international football match?,England
In what year was the first official international football match played?,1872
Which country does Lionel Messi represent internationally?,Argentina
Which country does Cristiano Ronaldo represent internationally?,Portugal
Which country did Pele represent?,Brazil
Which country did Diego Maradona represent?,Argentina
Which country does Kylian Mbappe represent internationally?,France
Which country does Neymar represent internationally?,Brazil
Which country did Zinedine Zidane represent?,France
Which country did Ronaldinho represent?,Brazil
Which country did George Best represent?,NorthernIreland
Which country did Johan Cruyff represent?,Netherlands
Which country did Franz Beckenbauer represent?,WestGermany
Which club did Lionel Messi make his professional debut for?,Barcelona
Which club is most associated with Cristiano Ronaldo's breakthrough years?,Manchester-United
Which position is Franz Beckenbauer famous for pioneering?,Sweeper
Which country does Erling Haaland represent internationally?,Norway
Which country does Mohamed Salah represent internationally?,Egypt
Which country does Kevin De Bruyne represent internationally?,Belgium
Which country does Harry Kane represent internationally?,England
Which country does Luka Modric represent internationally?,Croatia
Which country does Robert Lewandowski represent internationally?,Poland
Which country does Sadio Mane represent internationally?,Senegal
Which country does Virgil van Dijk represent internationally?,Netherlands
Which country does Karim Benzema represent internationally?,France
Which country does Ousmane Dembele represent internationally?,France
Which country does Vinicius Junior represent internationally?,Brazil
Which country does Jude Bellingham represent internationally?,England
Which country did Alfredo Di Stefano represent for most of his international career?,Spain
Which country did Lev Yashin represent?,SovietUnion
Which country did Michel Platini represent?,France
Which country did Marco van Basten represent?,Netherlands
Which country did Roberto Baggio represent?,Italy
Which country did Paolo Maldini represent?,Italy
Which country did Franco Baresi represent?,Italy
Which country did Gianluigi Buffon represent?,Italy
Which country did Andrea Pirlo represent?,Italy
Which country did Xavi Hernandez represent?,Spain
Which country did Andres Iniesta represent?,Spain
Which country did Iker Casillas represent?,Spain
Which country did Ferenc Puskas represent?,Hungary
Which country did Garrincha represent?,Brazil
Which country did Romario represent?,Brazil
Which country did Rivaldo represent?,Brazil
Which country did Kaka represent?,Brazil
Which country did Didier Drogba represent?,IvoryCoast
Which country did Samuel Eto'o represent?,Cameroon
Which country did George Weah represent?,Liberia
Which country did Thierry Henry represent?,France
Which country did David Beckham represent?,England
Which country did Wayne Rooney represent?,England
Which country did Steven Gerrard represent?,England
Which country did Xabi Alonso represent?,Spain
Which country did Gerd Muller represent?,WestGermany
Which country did Lothar Matthaus represent?,Germany
Which country did Miroslav Klose represent?,Germany
Which country did Bastian Schweinsteiger represent?,Germany
Which country did Zico represent?,Brazil
Which country did Socrates represent?,Brazil
In which year was Real Madrid founded?,1902
In which year was FC Barcelona founded?,1899
In which year was Manchester United founded?,1878
In which year was Liverpool FC founded?,1892
In which year was Arsenal FC founded?,1886
In which year was Juventus founded?,1897
In which year was AC Milan founded?,1899
In which year was Internazionale (Inter Milan) founded?,1908
In which year was Bayern Munich founded?,1900
In which year was Borussia Dortmund founded?,1909
In which year was Chelsea FC founded?,1905
In which year was Manchester City founded?,1880
In which year was Ajax founded?,1900
In which year was Boca Juniors founded?,1905
In which year was River Plate founded?,1901
In which country is the club Flamengo based?,Brazil
In which city is Paris Saint-Germain based?,Paris
In which country is the club Boca Juniors based?,Argentina
In which year was Tottenham Hotspur founded?,1882
In which year was Paris Saint-Germain founded?,1970
In which year was Atletico Madrid founded?,1903
In which year was FC Porto founded?,1893
In which year was Benfica founded?,1904
In which year was Celtic FC founded?,1887
In which year was Rangers FC founded?,1872
In which year was Sporting CP founded?,1906
In which year was Feyenoord founded?,1908
In which year was Olympique de Marseille founded?,1899
In which year was AS Monaco founded?,1924
In which year was Napoli founded?,1926
In which city is Real Madrid based?,Madrid
In which city is FC Barcelona based?,Barcelona
In which city is Bayern Munich based?,Munich
In which city is AC Milan based?,Milan
In which city is Liverpool FC based?,Liverpool
In which city is Arsenal FC based?,London
Who is the all-time top international goal scorer in men's football?,Cristiano-Ronaldo
Which stadium is generally regarded as the largest football stadium in the world by capacity?,Rungrado-1st-of-May-Stadium
Which country is credited with inventing modern football?,England
In which city was the sport's first official rules drawn up in 1863?,London
What is the name of the body that first codified the laws of football in 1863?,FootballAssociation
Which trophy is awarded to the winner of the FIFA Women's World Cup?,FIFAWomensWorldCupTrophy
In which year was the first FIFA Women's World Cup held?,1991
Which country won the first FIFA Women's World Cup in 1991?,USA
Which country has won the most FIFA Women's World Cups?,USA
Which award is given to the best young player at the FIFA World Cup?,BestYoungPlayerAward
What is the highest individual award given by FIFA each year to the best men's player?,TheBest
Who won the first FIFA Best Men's Player award in 2017?,Cristiano-Ronaldo
What is the name of football's world governing body?,FIFA
In which country is FIFA headquartered today?,Switzerland
In which city is FIFA headquartered?,Zurich
Who won the 1992-93 Premier League title?,Manchester-United
Which club were Premier League champions in the 1992-93 season?,Manchester-United
Which club finished runner-up in the 1992-93 Premier League season?,Aston-Villa
Who won the 1993-94 Premier League title?,Manchester-United
Which club were Premier League champions in the 1993-94 season?,Manchester-United
Which club finished runner-up in the 1993-94 Premier League season?,Blackburn-Rovers
Who won the 1994-95 Premier League title?,Blackburn-Rovers
Which club were Premier League champions in the 1994-95 season?,Blackburn-Rovers
Which club finished runner-up in the 1994-95 Premier League season?,Manchester-United
Who won the 1995-96 Premier League title?,Manchester-United
Which club were Premier League champions in the 1995-96 season?,Manchester-United
Which club finished runner-up in the 1995-96 Premier League season?,Newcastle-United
Who won the 1996-97 Premier League title?,Manchester-United
Which club were Premier League champions in the 1996-97 season?,Manchester-United
Which club finished runner-up in the 1996-97 Premier League season?,Newcastle-United
Who won the 1997-98 Premier League title?,Arsenal
Which club were Premier League champions in the 1997-98 season?,Arsenal
Which club finished runner-up in the 1997-98 Premier League season?,Manchester-United
Who won the 1998-99 Premier League title?,Manchester-United
Which club were Premier League champions in the 1998-99 season?,Manchester-United
Which club finished runner-up in the 1998-99 Premier League season?,Arsenal
Who won the 1999-00 Premier League title?,Manchester-United
Which club were Premier League champions in the 1999-00 season?,Manchester-United
Which club finished runner-up in the 1999-00 Premier League season?,Arsenal
Who won the 2000-01 Premier League title?,Manchester-United
Which club were Premier League champions in the 2000-01 season?,Manchester-United
Which club finished runner-up in the 2000-01 Premier League season?,Arsenal
Who won the 2001-02 Premier League title?,Arsenal
Which club were Premier League champions in the 2001-02 season?,Arsenal
Which club finished runner-up in the 2001-02 Premier League season?,Liverpool
Who won the 2002-03 Premier League title?,Manchester-United
Which club were Premier League champions in the 2002-03 season?,Manchester-United
Which club finished runner-up in the 2002-03 Premier League season?,Arsenal
Who won the 2003-04 Premier League title?,Arsenal
Which club were Premier League champions in the 2003-04 season?,Arsenal
Which club finished runner-up in the 2003-04 Premier League season?,Chelsea
Who won the 2004-05 Premier League title?,Chelsea
Which club were Premier League champions in the 2004-05 season?,Chelsea
Which club finished runner-up in the 2004-05 Premier League season?,Arsenal
Who won the 2005-06 Premier League title?,Chelsea
Which club were Premier League champions in the 2005-06 season?,Chelsea
Which club finished runner-up in the 2005-06 Premier League season?,Manchester-United
Who won the 2006-07 Premier League title?,Manchester-United
Which club were Premier League champions in the 2006-07 season?,Manchester-United
Which club finished runner-up in the 2006-07 Premier League season?,Chelsea
Who won the 2007-08 Premier League title?,Manchester-United
Which club were Premier League champions in the 2007-08 season?,Manchester-United
Which club finished runner-up in the 2007-08 Premier League season?,Chelsea
Who won the 2008-09 Premier League title?,Manchester-United
Which club were Premier League champions in the 2008-09 season?,Manchester-United
Which club finished runner-up in the 2008-09 Premier League season?,Liverpool
Who won the 2009-10 Premier League title?,Chelsea
Which club were Premier League champions in the 2009-10 season?,Chelsea
Which club finished runner-up in the 2009-10 Premier League season?,Manchester-United
Who won the 2010-11 Premier League title?,Manchester-United
Which club were Premier League champions in the 2010-11 season?,Manchester-United
Which club finished runner-up in the 2010-11 Premier League season?,Chelsea
Who won the 2011-12 Premier League title?,Manchester-City
Which club were Premier League champions in the 2011-12 season?,Manchester-City
Which club finished runner-up in the 2011-12 Premier League season?,Manchester-United
Who won the 2012-13 Premier League title?,Manchester-United
Which club were Premier League champions in the 2012-13 season?,Manchester-United
Which club finished runner-up in the 2012-13 Premier League season?,Manchester-City
Who won the 2013-14 Premier League title?,Manchester-City
Which club were Premier League champions in the 2013-14 season?,Manchester-City
Which club finished runner-up in the 2013-14 Premier League season?,Liverpool
Who won the 2014-15 Premier League title?,Chelsea
Which club were Premier League champions in the 2014-15 season?,Chelsea
Which club finished runner-up in the 2014-15 Premier League season?,Manchester-City
Who won the 2015-16 Premier League title?,Leicester-City
Which club were Premier League champions in the 2015-16 season?,Leicester-City
Which club finished runner-up in the 2015-16 Premier League season?,Arsenal
Who won the 2016-17 Premier League title?,Chelsea
Which club were Premier League champions in the 2016-17 season?,Chelsea
Which club finished runner-up in the 2016-17 Premier League season?,Tottenham
Who won the 2017-18 Premier League title?,Manchester-City
Which club were Premier League champions in the 2017-18 season?,Manchester-City
Which club finished runner-up in the 2017-18 Premier League season?,Manchester-United
Who won the 2018-19 Premier League title?,Manchester-City
Which club were Premier League champions in the 2018-19 season?,Manchester-City
Which club finished runner-up in the 2018-19 Premier League season?,Liverpool
Who won the 2019-20 Premier League title?,Liverpool
Which club were Premier League champions in the 2019-20 season?,Liverpool
Which club finished runner-up in the 2019-20 Premier League season?,Manchester-City
Who won the 2020-21 Premier League title?,Manchester-City
Which club were Premier League champions in the 2020-21 season?,Manchester-City
Which club finished runner-up in the 2020-21 Premier League season?,Manchester-United
Who won the 2021-22 Premier League title?,Manchester-City
Which club were Premier League champions in the 2021-22 season?,Manchester-City
Which club finished runner-up in the 2021-22 Premier League season?,Liverpool
Who won the 2022-23 Premier League title?,Manchester-City
Which club were Premier League champions in the 2022-23 season?,Manchester-City
Which club finished runner-up in the 2022-23 Premier League season?,Arsenal
Who won the 2023-24 Premier League title?,Manchester-City
Which club were Premier League champions in the 2023-24 season?,Manchester-City
Which club finished runner-up in the 2023-24 Premier League season?,Arsenal
Who won the 2024-25 Premier League title?,Liverpool
Which club were Premier League champions in the 2024-25 season?,Liverpool
Which club finished runner-up in the 2024-25 Premier League season?,Arsenal
Who won the 2025-26 Premier League title?,Arsenal
Which club were Premier League champions in the 2025-26 season?,Arsenal
Which club finished runner-up in the 2025-26 Premier League season?,Manchester-City
Who won the Premier League Golden Boot in the 1992-93 season?,Teddy-Sheringham
Who won the Premier League Golden Boot in the 1993-94 season?,Andy-Cole
Who won the Premier League Golden Boot in the 1994-95 season?,Alan-Shearer
Who won the Premier League Golden Boot in the 1995-96 season?,Alan-Shearer
Who won the Premier League Golden Boot in the 1996-97 season?,Alan-Shearer
Who won the Premier League Golden Boot in the 1999-00 season?,Kevin-Phillips
Who won the Premier League Golden Boot in the 2000-01 season?,Jimmy-Floyd-Hasselbaink
Who won the Premier League Golden Boot in the 2001-02 season?,Thierry-Henry
Who won the Premier League Golden Boot in the 2002-03 season?,Ruud-van-Nistelrooy
Who won the Premier League Golden Boot in the 2003-04 season?,Thierry-Henry
Who won the Premier League Golden Boot in the 2004-05 season?,Thierry-Henry
Who won the Premier League Golden Boot in the 2005-06 season?,Thierry-Henry
Who won the Premier League Golden Boot in the 2006-07 season?,Didier-Drogba
Who won the Premier League Golden Boot in the 2007-08 season?,Cristiano-Ronaldo
Who won the Premier League Golden Boot in the 2008-09 season?,Nicolas-Anelka
Who won the Premier League Golden Boot in the 2009-10 season?,Didier-Drogba
Who won the Premier League Golden Boot in the 2011-12 season?,Robin-van-Persie
Who won the Premier League Golden Boot in the 2012-13 season?,Robin-van-Persie
Who won the Premier League Golden Boot in the 2013-14 season?,Luis-Suarez
Who won the Premier League Golden Boot in the 2014-15 season?,Sergio-Aguero
Who won the Premier League Golden Boot in the 2015-16 season?,Harry-Kane
Who won the Premier League Golden Boot in the 2016-17 season?,Harry-Kane
Who won the Premier League Golden Boot in the 2017-18 season?,Mohamed-Salah
Who won the Premier League Golden Boot in the 2019-20 season?,Jamie-Vardy
Who won the Premier League Golden Boot in the 2020-21 season?,Harry-Kane
Who won the Premier League Golden Boot in the 2022-23 season?,Erling-Haaland
Who won the Premier League Golden Boot in the 2023-24 season?,Erling-Haaland
Who won the Premier League Golden Boot in the 2024-25 season?,Mohamed-Salah
Who won the Premier League Golden Boot in the 2025-26 season?,Erling-Haaland
Who managed Arsenal to the 2025-26 Premier League title?,Mikel-Arteta
Who managed Liverpool to the 2024-25 Premier League title?,Arne-Slot
Who managed Liverpool to the 2019-20 Premier League title?,Jurgen-Klopp
Who managed Leicester City to the 2015-16 Premier League title?,Claudio-Ranieri
Who managed Chelsea to the 2016-17 Premier League title?,Antonio-Conte
Who managed Chelsea to the 2004-05 Premier League title?,Jose-Mourinho
Who managed Chelsea to the 2009-10 Premier League title?,Carlo-Ancelotti
Who managed Manchester City to the 2011-12 Premier League title?,Roberto-Mancini
Who managed Manchester City to the 2013-14 Premier League title?,Manuel-Pellegrini
Who managed Manchester City to the 2017-18 Premier League title?,Pep-Guardiola
Who managed Arsenal to the 2003-04 Premier League title?,Arsene-Wenger
Who managed Blackburn Rovers to the 1994-95 Premier League title?,Kenny-Dalglish
Who managed Manchester United to the 2012-13 Premier League title?,Alex-Ferguson
Who won the 1990-91 La Liga title?,Barcelona
Who won the 1991-92 La Liga title?,Barcelona
Who won the 1992-93 La Liga title?,Barcelona
Who won the 1993-94 La Liga title?,Barcelona
Who won the 1994-95 La Liga title?,Real-Madrid
Who won the 1995-96 La Liga title?,Atletico-Madrid
Who won the 1996-97 La Liga title?,Real-Madrid
Who won the 1997-98 La Liga title?,Barcelona
Who won the 1998-99 La Liga title?,Barcelona
Who won the 1999-00 La Liga title?,Deportivo-La-Coruna
Who won the 2000-01 La Liga title?,Real-Madrid
Who won the 2001-02 La Liga title?,Valencia
Who won the 2002-03 La Liga title?,Real-Madrid
Who won the 2003-04 La Liga title?,Valencia
Who won the 2004-05 La Liga title?,Barcelona
Who won the 2005-06 La Liga title?,Barcelona
Who won the 2006-07 La Liga title?,Real-Madrid
Who won the 2007-08 La Liga title?,Real-Madrid
Who won the 2008-09 La Liga title?,Barcelona
Who won the 2009-10 La Liga title?,Barcelona
Who won the 2010-11 La Liga title?,Barcelona
Who won the 2011-12 La Liga title?,Real-Madrid
Who won the 2012-13 La Liga title?,Barcelona
Who won the 2013-14 La Liga title?,Atletico-Madrid
Who won the 2014-15 La Liga title?,Barcelona
Who won the 2015-16 La Liga title?,Barcelona
Who won the 2016-17 La Liga title?,Real-Madrid
Who won the 2017-18 La Liga title?,Barcelona
Who won the 2018-19 La Liga title?,Barcelona
Who won the 2019-20 La Liga title?,Real-Madrid
Who won the 2020-21 La Liga title?,Atletico-Madrid
Who won the 2021-22 La Liga title?,Real-Madrid
Who won the 2022-23 La Liga title?,Barcelona
Who won the 2023-24 La Liga title?,Real-Madrid
Who won the 2024-25 La Liga title?,Barcelona
Who won the 2025-26 La Liga title?,Barcelona
Who won the 1979-80 Serie A title?,Inter-Milan
Who won the 1980-81 Serie A title?,Juventus
Who won the 1981-82 Serie A title?,Juventus
Who won the 1982-83 Serie A title?,Roma
Who won the 1983-84 Serie A title?,Juventus
Who won the 1984-85 Serie A title?,Hellas-Verona
Who won the 1985-86 Serie A title?,Juventus
Who won the 1986-87 Serie A title?,Napoli
Who won the 1987-88 Serie A title?,AC-Milan
Who won the 1988-89 Serie A title?,Inter-Milan
Who won the 1989-90 Serie A title?,Napoli
Who won the 1990-91 Serie A title?,Sampdoria
Who won the 1991-92 Serie A title?,AC-Milan
Who won the 1992-93 Serie A title?,AC-Milan
Who won the 1993-94 Serie A title?,AC-Milan
Who won the 1994-95 Serie A title?,Juventus
Who won the 1995-96 Serie A title?,AC-Milan
Who won the 1996-97 Serie A title?,Juventus
Who won the 1997-98 Serie A title?,Juventus
Who won the 1998-99 Serie A title?,AC-Milan
Who won the 1999-00 Serie A title?,Lazio
Who won the 2000-01 Serie A title?,Roma
Who won the 2001-02 Serie A title?,Juventus
Who won the 2002-03 Serie A title?,Juventus
Who won the 2003-04 Serie A title?,AC-Milan
Who won the 2006-07 Serie A title?,Inter-Milan
Who won the 2007-08 Serie A title?,Inter-Milan
Who won the 2008-09 Serie A title?,Inter-Milan
Who won the 2009-10 Serie A title?,Inter-Milan
Who won the 2010-11 Serie A title?,AC-Milan
Who won the 2011-12 Serie A title?,Juventus
Who won the 2012-13 Serie A title?,Juventus
Who won the 2013-14 Serie A title?,Juventus
Who won the 2014-15 Serie A title?,Juventus
Who won the 2015-16 Serie A title?,Juventus
Who won the 2016-17 Serie A title?,Juventus
Who won the 2017-18 Serie A title?,Juventus
Who won the 2018-19 Serie A title?,Juventus
Who won the 2019-20 Serie A title?,Juventus
Who won the 2020-21 Serie A title?,Inter-Milan
Who won the 2021-22 Serie A title?,AC-Milan
Who won the 2022-23 Serie A title?,Napoli
Who won the 2023-24 Serie A title?,Inter-Milan
Who won the 2024-25 Serie A title?,Napoli
Who won the 2025-26 Serie A title?,Inter-Milan
Who won the 1963-64 Bundesliga title?,FC-Koln
Who won the 1964-65 Bundesliga title?,Werder-Bremen
Who won the 1965-66 Bundesliga title?,TSV-1860-Munich
Who won the 1966-67 Bundesliga title?,Eintracht-Braunschweig
Who won the 1967-68 Bundesliga title?,FC-Nurnberg
Who won the 1968-69 Bundesliga title?,Bayern-Munich
Who won the 1969-70 Bundesliga title?,Borussia-Monchengladbach
Who won the 1970-71 Bundesliga title?,Borussia-Monchengladbach
Who won the 1971-72 Bundesliga title?,Bayern-Munich
Who won the 1972-73 Bundesliga title?,Bayern-Munich
Who won the 1973-74 Bundesliga title?,Bayern-Munich
Who won the 1974-75 Bundesliga title?,Borussia-Monchengladbach
Who won the 1975-76 Bundesliga title?,Borussia-Monchengladbach
Who won the 1976-77 Bundesliga title?,Borussia-Monchengladbach
Who won the 1977-78 Bundesliga title?,FC-Koln
Who won the 1978-79 Bundesliga title?,Hamburger-SV
Who won the 1979-80 Bundesliga title?,Bayern-Munich
Who won the 1980-81 Bundesliga title?,Bayern-Munich
Who won the 1981-82 Bundesliga title?,Hamburger-SV
Who won the 1982-83 Bundesliga title?,Hamburger-SV
Who won the 1983-84 Bundesliga title?,VfB-Stuttgart
Who won the 1984-85 Bundesliga title?,Bayern-Munich
Who won the 1985-86 Bundesliga title?,Bayern-Munich
Who won the 1986-87 Bundesliga title?,Bayern-Munich
Who won the 1987-88 Bundesliga title?,Werder-Bremen
Who won the 1988-89 Bundesliga title?,Bayern-Munich
Who won the 1989-90 Bundesliga title?,Bayern-Munich
Who won the 1990-91 Bundesliga title?,Kaiserslautern
Who won the 1991-92 Bundesliga title?,VfB-Stuttgart
Who won the 1992-93 Bundesliga title?,Werder-Bremen
Who won the 1993-94 Bundesliga title?,Bayern-Munich
Who won the 1994-95 Bundesliga title?,Borussia-Dortmund
Who won the 1995-96 Bundesliga title?,Borussia-Dortmund
Who won the 1996-97 Bundesliga title?,Bayern-Munich
Who won the 1997-98 Bundesliga title?,Kaiserslautern
Who won the 1998-99 Bundesliga title?,Bayern-Munich
Who won the 1999-00 Bundesliga title?,Bayern-Munich
Who won the 2000-01 Bundesliga title?,Bayern-Munich
Who won the 2001-02 Bundesliga title?,Borussia-Dortmund
Who won the 2002-03 Bundesliga title?,Bayern-Munich
Who won the 2003-04 Bundesliga title?,Werder-Bremen
Who won the 2004-05 Bundesliga title?,Bayern-Munich
Who won the 2005-06 Bundesliga title?,Bayern-Munich
Who won the 2006-07 Bundesliga title?,VfB-Stuttgart
Who won the 2007-08 Bundesliga title?,Bayern-Munich
Who won the 2008-09 Bundesliga title?,Wolfsburg
Who won the 2009-10 Bundesliga title?,Bayern-Munich
Who won the 2010-11 Bundesliga title?,Borussia-Dortmund
Who won the 2011-12 Bundesliga title?,Borussia-Dortmund
Who won the 2012-13 Bundesliga title?,Bayern-Munich
Who won the 2013-14 Bundesliga title?,Bayern-Munich
Who won the 2014-15 Bundesliga title?,Bayern-Munich
Who won the 2015-16 Bundesliga title?,Bayern-Munich
Who won the 2016-17 Bundesliga title?,Bayern-Munich
Who won the 2017-18 Bundesliga title?,Bayern-Munich
Who won the 2018-19 Bundesliga title?,Bayern-Munich
Who won the 2019-20 Bundesliga title?,Bayern-Munich
Who won the 2020-21 Bundesliga title?,Bayern-Munich
Who won the 2021-22 Bundesliga title?,Bayern-Munich
Who won the 2022-23 Bundesliga title?,Bayern-Munich
Who won the 2023-24 Bundesliga title?,Bayer-Leverkusen
Who won the 2024-25 Bundesliga title?,Bayern-Munich
Who won the 2025-26 Bundesliga title?,Bayern-Munich
Who won the 1989-90 Ligue 1 title?,Marseille
Who won the 1990-91 Ligue 1 title?,Marseille
Who won the 1991-92 Ligue 1 title?,Marseille
Who won the 1993-94 Ligue 1 title?,PSG
Who won the 1994-95 Ligue 1 title?,Nantes
Who won the 1995-96 Ligue 1 title?,Auxerre
Who won the 1996-97 Ligue 1 title?,Monaco
Who won the 1997-98 Ligue 1 title?,Lens
Who won the 1998-99 Ligue 1 title?,Bordeaux
Who won the 1999-00 Ligue 1 title?,Monaco
Who won the 2000-01 Ligue 1 title?,Nantes
Who won the 2001-02 Ligue 1 title?,Lyon
Who won the 2002-03 Ligue 1 title?,Lyon
Who won the 2003-04 Ligue 1 title?,Lyon
Who won the 2004-05 Ligue 1 title?,Lyon
Who won the 2005-06 Ligue 1 title?,Lyon
Who won the 2006-07 Ligue 1 title?,Lyon
Who won the 2007-08 Ligue 1 title?,Lyon
Who won the 2008-09 Ligue 1 title?,Bordeaux
Who won the 2009-10 Ligue 1 title?,Marseille
Who won the 2010-11 Ligue 1 title?,Lille
Who won the 2011-12 Ligue 1 title?,Montpellier
Who won the 2012-13 Ligue 1 title?,PSG
Who won the 2013-14 Ligue 1 title?,PSG
Who won the 2014-15 Ligue 1 title?,PSG
Who won the 2015-16 Ligue 1 title?,PSG
Who won the 2016-17 Ligue 1 title?,Monaco
Who won the 2017-18 Ligue 1 title?,PSG
Who won the 2018-19 Ligue 1 title?,PSG
Who won the 2019-20 Ligue 1 title?,PSG
Who won the 2020-21 Ligue 1 title?,Lille
Who won the 2021-22 Ligue 1 title?,PSG
Who won the 2022-23 Ligue 1 title?,PSG
Who won the 2023-24 Ligue 1 title?,PSG
Who won the 2024-25 Ligue 1 title?,PSG
Who won the 2025-26 Ligue 1 title?,PSG
Who won the 1999-00 Eredivisie title?,PSV-Eindhoven
Who won the 2000-01 Eredivisie title?,PSV-Eindhoven
Who won the 2001-02 Eredivisie title?,Ajax
Who won the 2002-03 Eredivisie title?,PSV-Eindhoven
Who won the 2003-04 Eredivisie title?,Ajax
Who won the 2004-05 Eredivisie title?,PSV-Eindhoven
Who won the 2005-06 Eredivisie title?,PSV-Eindhoven
Who won the 2006-07 Eredivisie title?,PSV-Eindhoven
Who won the 2007-08 Eredivisie title?,PSV-Eindhoven
Who won the 2008-09 Eredivisie title?,AZ-Alkmaar
Who won the 2009-10 Eredivisie title?,FC-Twente
Who won the 2010-11 Eredivisie title?,Ajax
Who won the 2011-12 Eredivisie title?,Ajax
Who won the 2012-13 Eredivisie title?,Ajax
Who won the 2013-14 Eredivisie title?,Ajax
Who won the 2014-15 Eredivisie title?,PSV-Eindhoven
Who won the 2015-16 Eredivisie title?,PSV-Eindhoven
Who won the 2016-17 Eredivisie title?,Feyenoord
Who won the 2017-18 Eredivisie title?,PSV-Eindhoven
Who won the 2018-19 Eredivisie title?,Ajax
Who won the 2020-21 Eredivisie title?,Ajax
Who won the 2021-22 Eredivisie title?,Ajax
Who won the 2022-23 Eredivisie title?,Feyenoord
Who won the 2023-24 Eredivisie title?,PSV-Eindhoven
Who won the 2024-25 Eredivisie title?,PSV-Eindhoven
Which club has won the most La Liga titles?,Real-Madrid
How many La Liga titles has Real Madrid won?,36
Which club has won the most Serie A titles?,Juventus
How many Serie A titles has Juventus won?,36
How many consecutive Serie A titles did Juventus win between 2012 and 2020?,9
Which club has won the most Bundesliga titles?,Bayern-Munich
How many consecutive Bundesliga titles did Bayern Munich win from 2013 to 2023?,11
Which club became the first to go unbeaten through a whole Bundesliga season in 2023-24?,Bayer-Leverkusen
Which club has won the most Ligue 1 titles?,PSG
How many Ligue 1 titles has PSG won?,14
How many consecutive Ligue 1 titles did Lyon win from 2002 to 2008?,7
Which club has won the most Premier League titles?,Manchester-United
How many Premier League titles has Manchester United won?,13
Which club went unbeaten through the entire 2003-04 Premier League season?,Arsenal
What nickname was given to Arsenal's unbeaten 2003-04 Premier League side?,Invincibles
Which club set the Premier League points record of 100 in 2017-18?,Manchester-City
How many points did Manchester City earn to set the Premier League record in 2017-18?,100
Which club won the 2015-16 Premier League title despite starting the season as 5000-1 outsiders?,Leicester-City
How many years did Arsenal wait between Premier League titles before winning in 2025-26?,22
Who won the Premier League Player of the Season award in 2025-26?,Bruno-Fernandes
Who set the record for most assists in a single Premier League season in 2025-26?,Bruno-Fernandes
How many Premier League assists did Bruno Fernandes record in 2025-26?,21
Which goalkeeper won the Premier League Golden Glove in 2025-26?,David-Raya
How many Premier League goals did Erling Haaland score to win the 2025-26 Golden Boot?,27
How many Premier League goals did Mohamed Salah score to win the 2024-25 Golden Boot?,29
Who holds the record for most goals in a 38-game Premier League season?,Erling-Haaland
How many Premier League goals did Erling Haaland score in the 2022-23 season?,36
Who is the all-time top scorer in Premier League history?,Alan-Shearer
How many Premier League goals did Alan Shearer score?,260
Who has won the most Premier League titles as a player?,Ryan-Giggs
How many Premier League titles did Ryan Giggs win?,13
Who holds the record for most assists in Premier League history?,Ryan-Giggs
Which goalkeeper holds the record for most Premier League clean sheets?,Petr-Cech
Who scored the fastest hat-trick in Premier League history?,Sadio-Mane
Who scored the fastest goal in Premier League history?,Shane-Long
Who won the Pichichi as La Liga top scorer in 2025-26?,Kylian-Mbappe
Who was La Liga's top scorer in the 2024-25 season?,Kylian-Mbappe
How many La Liga goals did Kylian Mbappe score in 2024-25?,31
Who was named La Liga's best player for the 2025-26 season?,Lamine-Yamal
Who was Serie A's top scorer in the 2025-26 season?,Lautaro-Martinez
Who was Ligue 1's top scorer in the 2025-26 season?,Esteban-Lepaul
Who is the all-time top scorer in La Liga history?,Lionel-Messi
How many La Liga goals did Lionel Messi score in his career?,474
Who holds the record for most goals in a single La Liga season?,Lionel-Messi
How many La Liga goals did Lionel Messi score in the 2011-12 season?,50
"Who holds the record for most goals in a calendar year, set in 2012?",Lionel-Messi
How many goals did Lionel Messi score in the calendar year 2012?,91
Who is the all-time top scorer in Bundesliga history?,Gerd-Muller
How many Bundesliga goals did Gerd Muller score?,365
Who holds the record for most goals in a single Bundesliga season?,Robert-Lewandowski
How many Bundesliga goals did Robert Lewandowski score in 2020-21?,41
Who is the all-time top scorer in Serie A history?,Silvio-Piola
Who is the all-time top scorer in Ligue 1 history?,Delio-Onnis
Who won the 1990 FA Cup final?,Manchester-United
Who won the 1991 FA Cup final?,Tottenham
Who won the 1992 FA Cup final?,Liverpool
Who won the 1993 FA Cup final?,Arsenal
Who won the 1994 FA Cup final?,Manchester-United
Who won the 1995 FA Cup final?,Everton
Who won the 1996 FA Cup final?,Manchester-United
Who won the 1997 FA Cup final?,Chelsea
Who won the 1998 FA Cup final?,Arsenal
Who won the 1999 FA Cup final?,Manchester-United
Who won the 2000 FA Cup final?,Chelsea
Who won the 2001 FA Cup final?,Liverpool
Who won the 2002 FA Cup final?,Arsenal
Who won the 2003 FA Cup final?,Arsenal
Who won the 2004 FA Cup final?,Manchester-United
Who won the 2005 FA Cup final?,Arsenal
Who won the 2006 FA Cup final?,Liverpool
Who won the 2007 FA Cup final?,Chelsea
Who won the 2008 FA Cup final?,Portsmouth
Who won the 2009 FA Cup final?,Chelsea
Who won the 2010 FA Cup final?,Chelsea
Who won the 2011 FA Cup final?,Manchester-City
Who won the 2012 FA Cup final?,Chelsea
Who won the 2013 FA Cup final?,Wigan-Athletic
Who won the 2014 FA Cup final?,Arsenal
Who won the 2015 FA Cup final?,Arsenal
Who won the 2016 FA Cup final?,Manchester-United
Who won the 2017 FA Cup final?,Arsenal
Who won the 2018 FA Cup final?,Chelsea
Who won the 2019 FA Cup final?,Manchester-City
Who won the 2020 FA Cup final?,Arsenal
Who won the 2021 FA Cup final?,Leicester-City
Who won the 2022 FA Cup final?,Liverpool
Who won the 2023 FA Cup final?,Manchester-City
Who won the 2024 FA Cup final?,Manchester-United
Who won the 2025 FA Cup final?,Crystal-Palace
Who won the 2026 FA Cup final?,Manchester-City
Which club has won the most FA Cup titles?,Arsenal
How many FA Cup titles has Arsenal won?,14
Which club won the 2025-26 EFL League Cup?,Manchester-City
Which club won its first ever major trophy by winning the 2025 FA Cup?,Crystal-Palace
Which club won the 2025-26 Copa del Rey?,Real-Sociedad
Which club won the 2024-25 Copa del Rey?,Barcelona
Which club won the 2023-24 Copa del Rey?,Athletic-Bilbao
Which club won the 2022-23 Copa del Rey?,Real-Madrid
Which club won the 2021-22 Copa del Rey?,Real-Betis
Which club won the 2025-26 Coppa Italia?,Inter-Milan
Which club won the 2024-25 Coppa Italia?,Bologna
Which club won the 2023-24 Coppa Italia?,Juventus
Which club won the 2022-23 Coppa Italia?,Inter-Milan
Which club won the 2021-22 Coppa Italia?,Inter-Milan
Which club won the 2025-26 DFB-Pokal?,Bayern-Munich
Which club won the 2024-25 DFB-Pokal?,VfB-Stuttgart
Which club won the 2023-24 DFB-Pokal?,Bayer-Leverkusen
Which club won the 2022-23 DFB-Pokal?,RB-Leipzig
Which club won the 2021-22 DFB-Pokal?,RB-Leipzig
Which club won the 2025-26 Coupe de France?,Lens
Which club won the 2024-25 Coupe de France?,PSG
Which club won the 2023-24 Coupe de France?,PSG
Which club won the 2022-23 Coupe de France?,Toulouse
Which club won the 2021-22 Coupe de France?,Nantes
Which club has won the most Copa del Rey titles?,Barcelona
Which club won the 1972 UEFA Cup?,Tottenham
Which club won the 1973 UEFA Cup?,Liverpool
Which club won the 1974 UEFA Cup?,Feyenoord
Which club won the 1975 UEFA Cup?,Borussia-Monchengladbach
Which club won the 1976 UEFA Cup?,Liverpool
Which club won the 1977 UEFA Cup?,Juventus
Which club won the 1978 UEFA Cup?,PSV-Eindhoven
Which club won the 1979 UEFA Cup?,Borussia-Monchengladbach
Which club won the 1980 UEFA Cup?,Eintracht-Frankfurt
Which club won the 1981 UEFA Cup?,Ipswich-Town
Which club won the 1982 UEFA Cup?,IFK-Goteborg
Which club won the 1983 UEFA Cup?,Anderlecht
Which club won the 1984 UEFA Cup?,Tottenham
Which club won the 1985 UEFA Cup?,Real-Madrid
Which club won the 1986 UEFA Cup?,Real-Madrid
Which club won the 1987 UEFA Cup?,IFK-Goteborg
Which club won the 1988 UEFA Cup?,Bayer-Leverkusen
Which club won the 1989 UEFA Cup?,Napoli
Which club won the 1990 UEFA Cup?,Juventus
Which club won the 1991 UEFA Cup?,Inter-Milan
Which club won the 1992 UEFA Cup?,Ajax
Which club won the 1993 UEFA Cup?,Juventus
Which club won the 1994 UEFA Cup?,Inter-Milan
Which club won the 1995 UEFA Cup?,Parma
Which club won the 1996 UEFA Cup?,Bayern-Munich
Which club won the 1997 UEFA Cup?,Schalke-04
Which club won the 1998 UEFA Cup?,Inter-Milan
Which club won the 1999 UEFA Cup?,Parma
Which club won the 2000 UEFA Cup?,Galatasaray
Which club won the 2001 UEFA Cup?,Liverpool
Which club won the 2002 UEFA Cup?,Feyenoord
Which club won the 2003 UEFA Cup?,Porto
Which club won the 2004 UEFA Cup?,Valencia
Which club won the 2005 UEFA Cup?,CSKA-Moscow
Which club won the 2006 UEFA Cup?,Sevilla
Which club won the 2007 UEFA Cup?,Sevilla
Which club won the 2008 UEFA Cup?,Zenit-Saint-Petersburg
Which club won the 2009 UEFA Cup?,Shakhtar-Donetsk
Which club won the 2010 UEFA Europa League?,Atletico-Madrid
Which club won the 2011 UEFA Europa League?,Porto
Which club won the 2012 UEFA Europa League?,Atletico-Madrid
Which club won the 2013 UEFA Europa League?,Chelsea
Which club won the 2014 UEFA Europa League?,Sevilla
Which club won the 2015 UEFA Europa League?,Sevilla
Which club won the 2016 UEFA Europa League?,Sevilla
Which club won the 2017 UEFA Europa League?,Manchester-United
Which club won the 2018 UEFA Europa League?,Atletico-Madrid
Which club won the 2019 UEFA Europa League?,Chelsea
Which club won the 2020 UEFA Europa League?,Sevilla
Which club won the 2021 UEFA Europa League?,Villarreal
Which club won the 2022 UEFA Europa League?,Eintracht-Frankfurt
Which club won the 2023 UEFA Europa League?,Sevilla
Which club won the 2024 UEFA Europa League?,Atalanta
Which club won the 2025 UEFA Europa League?,Tottenham
Which club won the 2026 UEFA Europa League?,Aston-Villa
Which club has won the most UEFA Cup / Europa League titles?,Sevilla
How many UEFA Cup / Europa League titles has Sevilla won?,7
Which coach has won the most UEFA Cup / Europa League titles?,Unai-Emery
How many Europa League titles has Unai Emery won as a coach?,5
Which club did Aston Villa beat in the 2026 Europa League final?,Freiburg
In which city was the 2026 Europa League final played?,Istanbul
Which club did Tottenham beat in the 2025 Europa League final?,Manchester-United
Which club won the inaugural UEFA Europa Conference League in 2022?,Roma
Which club won the 2023 UEFA Europa Conference League?,West-Ham
Which club won the 2024 UEFA Europa Conference League?,Olympiacos
Which club won the 2025 UEFA Conference League?,Chelsea
Which club won the 2026 UEFA Conference League?,Crystal-Palace
Which club did Crystal Palace beat in the 2026 Conference League final?,Rayo-Vallecano
In which city was the 2026 Conference League final played?,Leipzig
Which club won the 2000 FIFA Club World Cup?,Corinthians
Which club won the 2005 FIFA Club World Cup?,Sao-Paulo
Which club won the 2006 FIFA Club World Cup?,Internacional
Which club won the 2007 FIFA Club World Cup?,AC-Milan
Which club won the 2008 FIFA Club World Cup?,Manchester-United
Which club won the 2009 FIFA Club World Cup?,Barcelona
Which club won the 2010 FIFA Club World Cup?,Inter-Milan
Which club won the 2011 FIFA Club World Cup?,Barcelona
Which club won the 2012 FIFA Club World Cup?,Corinthians
Which club won the 2013 FIFA Club World Cup?,Bayern-Munich
Which club won the 2014 FIFA Club World Cup?,Real-Madrid
Which club won the 2015 FIFA Club World Cup?,Barcelona
Which club won the 2016 FIFA Club World Cup?,Real-Madrid
Which club won the 2017 FIFA Club World Cup?,Real-Madrid
Which club won the 2018 FIFA Club World Cup?,Real-Madrid
Which club won the 2019 FIFA Club World Cup?,Liverpool
Which club won the 2020 FIFA Club World Cup?,Bayern-Munich
Which club won the 2021 FIFA Club World Cup?,Chelsea
Which club won the 2022 FIFA Club World Cup?,Real-Madrid
Which club won the 2023 FIFA Club World Cup?,Manchester-City
Which club won the 2025 FIFA Club World Cup?,Chelsea
Which club did Chelsea beat in the final of the 2025 FIFA Club World Cup?,PSG
Which country hosted the expanded 32-team FIFA Club World Cup in 2025?,USA
How many teams took part in the expanded 2025 FIFA Club World Cup?,32
Which club has won the most FIFA Club World Cup titles?,Real-Madrid
Which club won the 1990 Copa Libertadores?,Olimpia
Which club won the 1991 Copa Libertadores?,Colo-Colo
Which club won the 1992 Copa Libertadores?,Sao-Paulo
Which club won the 1993 Copa Libertadores?,Sao-Paulo
Which club won the 1994 Copa Libertadores?,Velez-Sarsfield
Which club won the 1995 Copa Libertadores?,Gremio
Which club won the 1996 Copa Libertadores?,River-Plate
Which club won the 1997 Copa Libertadores?,Cruzeiro
Which club won the 1998 Copa Libertadores?,Vasco-da-Gama
Which club won the 1999 Copa Libertadores?,Palmeiras
Which club won the 2000 Copa Libertadores?,Boca-Juniors
Which club won the 2001 Copa Libertadores?,Boca-Juniors
Which club won the 2002 Copa Libertadores?,Olimpia
Which club won the 2003 Copa Libertadores?,Boca-Juniors
Which club won the 2004 Copa Libertadores?,Once-Caldas
Which club won the 2005 Copa Libertadores?,Sao-Paulo
Which club won the 2006 Copa Libertadores?,Internacional
Which club won the 2007 Copa Libertadores?,Boca-Juniors
Which club won the 2008 Copa Libertadores?,LDU-Quito
Which club won the 2009 Copa Libertadores?,Estudiantes
Which club won the 2010 Copa Libertadores?,Internacional
Which club won the 2011 Copa Libertadores?,Santos
Which club won the 2012 Copa Libertadores?,Corinthians
Which club won the 2013 Copa Libertadores?,Atletico-Mineiro
Which club won the 2014 Copa Libertadores?,San-Lorenzo
Which club won the 2015 Copa Libertadores?,River-Plate
Which club won the 2016 Copa Libertadores?,Atletico-Nacional
Which club won the 2017 Copa Libertadores?,Gremio
Which club won the 2018 Copa Libertadores?,River-Plate
Which club won the 2019 Copa Libertadores?,Flamengo
Which club won the 2020 Copa Libertadores?,Palmeiras
Which club won the 2021 Copa Libertadores?,Palmeiras
Which club won the 2022 Copa Libertadores?,Flamengo
Which club won the 2023 Copa Libertadores?,Fluminense
Which club won the 2024 Copa Libertadores?,Botafogo
Which club won the 2025 Copa Libertadores?,Flamengo
Which club has won the most Copa Libertadores titles?,Independiente
How many Copa Libertadores titles has Independiente won?,7
Which club did Flamengo beat in the 2025 Copa Libertadores final?,Palmeiras
In which city was the 2025 Copa Libertadores final played?,Lima
Which club became the first Brazilian team to win four Copa Libertadores titles in 2025?,Flamengo
Who is the all-time top scorer in Copa Libertadores history?,Alberto-Spencer
Which club did River Plate beat in the 2018 Copa Libertadores final played in Madrid?,Boca-Juniors
In which city was the 2018 Copa Libertadores final second leg played?,Madrid
Who won the 1957 Africa Cup of Nations?,Egypt
Who won the 1962 Africa Cup of Nations?,Ethiopia
Who won the 1963 Africa Cup of Nations?,Ghana
Who won the 1965 Africa Cup of Nations?,Ghana
Who won the 1970 Africa Cup of Nations?,Sudan
Who won the 1972 Africa Cup of Nations?,Congo
Who won the 1974 Africa Cup of Nations?,Zaire
Who won the 1976 Africa Cup of Nations?,Morocco
Who won the 1978 Africa Cup of Nations?,Ghana
Who won the 1980 Africa Cup of Nations?,Nigeria
Who won the 1982 Africa Cup of Nations?,Ghana
Who won the 1984 Africa Cup of Nations?,Cameroon
Who won the 1986 Africa Cup of Nations?,Egypt
Who won the 1988 Africa Cup of Nations?,Cameroon
Who won the 1990 Africa Cup of Nations?,Algeria
Who won the 1992 Africa Cup of Nations?,IvoryCoast
Who won the 1994 Africa Cup of Nations?,Nigeria
Who won the 1996 Africa Cup of Nations?,SouthAfrica
Who won the 1998 Africa Cup of Nations?,Egypt
Who won the 2000 Africa Cup of Nations?,Cameroon
Who won the 2002 Africa Cup of Nations?,Cameroon
Who won the 2004 Africa Cup of Nations?,Tunisia
Who won the 2006 Africa Cup of Nations?,Egypt
Who won the 2008 Africa Cup of Nations?,Egypt
Who won the 2010 Africa Cup of Nations?,Egypt
Who won the 2012 Africa Cup of Nations?,Zambia
Who won the 2013 Africa Cup of Nations?,Nigeria
Who won the 2015 Africa Cup of Nations?,IvoryCoast
Who won the 2017 Africa Cup of Nations?,Cameroon
Who won the 2019 Africa Cup of Nations?,Algeria
Who won the 2021 Africa Cup of Nations?,Senegal
Who won the 2023 Africa Cup of Nations?,IvoryCoast
Which country hosted the 1957 Africa Cup of Nations?,Sudan
Which country hosted the 1962 Africa Cup of Nations?,Ethiopia
Which country hosted the 1963 Africa Cup of Nations?,Ghana
Which country hosted the 1965 Africa Cup of Nations?,Tunisia
Which country hosted the 1968 Africa Cup of Nations?,Ethiopia
Which country hosted the 1970 Africa Cup of Nations?,Sudan
Which country hosted the 1972 Africa Cup of Nations?,Cameroon
Which country hosted the 1974 Africa Cup of Nations?,Egypt
Which country hosted the 1976 Africa Cup of Nations?,Ethiopia
Which country hosted the 1978 Africa Cup of Nations?,Ghana
Which country hosted the 1980 Africa Cup of Nations?,Nigeria
Which country hosted the 1982 Africa Cup of Nations?,Libya
Which country hosted the 1984 Africa Cup of Nations?,IvoryCoast
Which country hosted the 1986 Africa Cup of Nations?,Egypt
Which country hosted the 1988 Africa Cup of Nations?,Morocco
Which country hosted the 1990 Africa Cup of Nations?,Algeria
Which country hosted the 1992 Africa Cup of Nations?,Senegal
Which country hosted the 1994 Africa Cup of Nations?,Tunisia
Which country hosted the 1996 Africa Cup of Nations?,SouthAfrica
Which country hosted the 1998 Africa Cup of Nations?,BurkinaFaso
Which country hosted the 2002 Africa Cup of Nations?,Mali
Which country hosted the 2004 Africa Cup of Nations?,Tunisia
Which country hosted the 2006 Africa Cup of Nations?,Egypt
Which country hosted the 2008 Africa Cup of Nations?,Ghana
Which country hosted the 2010 Africa Cup of Nations?,Angola
Which country hosted the 2013 Africa Cup of Nations?,SouthAfrica
Which country hosted the 2015 Africa Cup of Nations?,EquatorialGuinea
Which country hosted the 2017 Africa Cup of Nations?,Gabon
Which country hosted the 2019 Africa Cup of Nations?,Egypt
Which country hosted the 2021 Africa Cup of Nations?,Cameroon
Which country hosted the 2023 Africa Cup of Nations?,IvoryCoast
Which country hosted the 2025 Africa Cup of Nations?,Morocco
Which country was runner-up at the 1992 Africa Cup of Nations?,Ghana
Which country was runner-up at the 1994 Africa Cup of Nations?,Zambia
Which country was runner-up at the 1996 Africa Cup of Nations?,Tunisia
Which country was runner-up at the 1998 Africa Cup of Nations?,SouthAfrica
Which country was runner-up at the 2000 Africa Cup of Nations?,Nigeria
Which country was runner-up at the 2002 Africa Cup of Nations?,Senegal
Which country was runner-up at the 2004 Africa Cup of Nations?,Morocco
Which country was runner-up at the 2006 Africa Cup of Nations?,IvoryCoast
Which country was runner-up at the 2008 Africa Cup of Nations?,Cameroon
Which country was runner-up at the 2010 Africa Cup of Nations?,Ghana
Which country was runner-up at the 2012 Africa Cup of Nations?,IvoryCoast
Which country was runner-up at the 2013 Africa Cup of Nations?,BurkinaFaso
Which country was runner-up at the 2015 Africa Cup of Nations?,Ghana
Which country was runner-up at the 2017 Africa Cup of Nations?,Egypt
Which country was runner-up at the 2019 Africa Cup of Nations?,Senegal
Which country was runner-up at the 2021 Africa Cup of Nations?,Egypt
Which country was runner-up at the 2023 Africa Cup of Nations?,Nigeria
Which country has won the most Africa Cup of Nations titles?,Egypt
How many Africa Cup of Nations titles has Egypt won?,7
How many consecutive Africa Cup of Nations titles did Egypt win from 2006 to 2010?,3
Who is the all-time top scorer in Africa Cup of Nations history?,Samuel-Etoo
Which country won its first Africa Cup of Nations title in 2021?,Senegal
Which country did Ivory Coast beat in the 2023 Africa Cup of Nations final?,Nigeria
Who won the 1956 AFC Asian Cup?,SouthKorea
Who won the 1960 AFC Asian Cup?,SouthKorea
Who won the 1964 AFC Asian Cup?,Israel
Who won the 1968 AFC Asian Cup?,Iran
Who won the 1972 AFC Asian Cup?,Iran
Who won the 1976 AFC Asian Cup?,Iran
Who won the 1980 AFC Asian Cup?,Kuwait
Who won the 1984 AFC Asian Cup?,SaudiArabia
Who won the 1988 AFC Asian Cup?,SaudiArabia
Who won the 1992 AFC Asian Cup?,Japan
Who won the 1996 AFC Asian Cup?,SaudiArabia
Who won the 2000 AFC Asian Cup?,Japan
Who won the 2004 AFC Asian Cup?,Japan
Who won the 2007 AFC Asian Cup?,Iraq
Who won the 2011 AFC Asian Cup?,Japan
Who won the 2015 AFC Asian Cup?,Australia
Who won the 2019 AFC Asian Cup?,Qatar
Who won the 2023 AFC Asian Cup?,Qatar
Which country hosted the 1964 AFC Asian Cup?,Israel
Which country hosted the 1968 AFC Asian Cup?,Iran
Which country hosted the 1976 AFC Asian Cup?,Iran
Which country hosted the 1980 AFC Asian Cup?,Kuwait
Which country hosted the 1984 AFC Asian Cup?,Singapore
Which country hosted the 1988 AFC Asian Cup?,Qatar
Which country hosted the 1992 AFC Asian Cup?,Japan
Which country hosted the 1996 AFC Asian Cup?,UAE
Which country hosted the 2000 AFC Asian Cup?,Lebanon
Which country hosted the 2004 AFC Asian Cup?,China
Which country hosted the 2011 AFC Asian Cup?,Qatar
Which country hosted the 2015 AFC Asian Cup?,Australia
Which country hosted the 2019 AFC Asian Cup?,UAE
Which country hosted the 2023 AFC Asian Cup?,Qatar
Which country was runner-up at the 2000 AFC Asian Cup?,SaudiArabia
Which country was runner-up at the 2004 AFC Asian Cup?,China
Which country was runner-up at the 2007 AFC Asian Cup?,SaudiArabia
Which country was runner-up at the 2011 AFC Asian Cup?,Australia
Which country was runner-up at the 2015 AFC Asian Cup?,SouthKorea
Which country was runner-up at the 2019 AFC Asian Cup?,Japan
Which country was runner-up at the 2023 AFC Asian Cup?,Jordan
Which country has won the most AFC Asian Cup titles?,Japan
How many AFC Asian Cup titles has Japan won?,4
Who is the all-time top scorer in AFC Asian Cup history?,Ali-Daei
Who won the 1991 CONCACAF Gold Cup?,USA
Which country lifted the CONCACAF Gold Cup trophy in 1991?,USA
Who won the 1993 CONCACAF Gold Cup?,Mexico
Which country lifted the CONCACAF Gold Cup trophy in 1993?,Mexico
Who won the 1996 CONCACAF Gold Cup?,Mexico
Which country lifted the CONCACAF Gold Cup trophy in 1996?,Mexico
Who won the 1998 CONCACAF Gold Cup?,Mexico
Which country lifted the CONCACAF Gold Cup trophy in 1998?,Mexico
Who won the 2000 CONCACAF Gold Cup?,Canada
Who won the 2002 CONCACAF Gold Cup?,USA
Who won the 2003 CONCACAF Gold Cup?,Mexico
Who won the 2005 CONCACAF Gold Cup?,USA
Who won the 2007 CONCACAF Gold Cup?,USA
Who won the 2009 CONCACAF Gold Cup?,Mexico
Who won the 2011 CONCACAF Gold Cup?,Mexico
Who won the 2013 CONCACAF Gold Cup?,USA
Who won the 2015 CONCACAF Gold Cup?,Mexico
Who won the 2017 CONCACAF Gold Cup?,USA
Who won the 2019 CONCACAF Gold Cup?,Mexico
Who won the 2021 CONCACAF Gold Cup?,USA
Who won the 2023 CONCACAF Gold Cup?,Mexico
Who won the 2025 CONCACAF Gold Cup?,Mexico
Which country has won the most CONCACAF Gold Cup titles?,Mexico
How many CONCACAF Gold Cup titles has Mexico won?,10
Which country did Mexico beat in the 2025 Gold Cup final?,USA
Which country did Mexico beat in the 2023 Gold Cup final?,Panama
Who won the 2019 UEFA Nations League final?,Portugal
Which country lifted the UEFA Nations League trophy in 2019?,Portugal
Who won the 2021 UEFA Nations League final?,France
Which country lifted the UEFA Nations League trophy in 2021?,France
Who won the 2023 UEFA Nations League final?,Spain
Which country lifted the UEFA Nations League trophy in 2023?,Spain
Who won the 2025 UEFA Nations League final?,Portugal
Which country lifted the UEFA Nations League trophy in 2025?,Portugal
Which country won the first ever UEFA Nations League in 2019?,Portugal
Which country won the men's Olympic football gold medal in 1992?,Spain
Which country won the men's Olympic football gold medal in 1996?,Nigeria
Which country won the men's Olympic football gold medal in 2000?,Cameroon
Which country won the men's Olympic football gold medal in 2004?,Argentina
Which country won the men's Olympic football gold medal in 2008?,Argentina
Which country won the men's Olympic football gold medal in 2012?,Mexico
Which country won the men's Olympic football gold medal in 2016?,Brazil
Which country won the men's Olympic football gold medal in 2020?,Brazil
Which country won the men's Olympic football gold medal in 2024?,Spain
Which country won the women's Olympic football gold medal in 1996?,USA
Which country won the women's Olympic football gold medal in 2000?,Norway
Which country won the women's Olympic football gold medal in 2004?,USA
Which country won the women's Olympic football gold medal in 2008?,USA
Which country won the women's Olympic football gold medal in 2012?,USA
Which country won the women's Olympic football gold medal in 2016?,Germany
Which country won the women's Olympic football gold medal in 2020?,Canada
Which country won the women's Olympic football gold medal in 2024?,USA
Who won the 1995 FIFA Women's World Cup?,Norway
Which country were crowned champions of the 1995 FIFA Women's World Cup?,Norway
Which country hosted the 1995 FIFA Women's World Cup?,Sweden
Which country was runner-up at the 1995 FIFA Women's World Cup?,Germany
Who won the 1999 FIFA Women's World Cup?,USA
Which country were crowned champions of the 1999 FIFA Women's World Cup?,USA
Which country hosted the 1999 FIFA Women's World Cup?,USA
Which country was runner-up at the 1999 FIFA Women's World Cup?,China
Who won the 2003 FIFA Women's World Cup?,Germany
Which country were crowned champions of the 2003 FIFA Women's World Cup?,Germany
Which country hosted the 2003 FIFA Women's World Cup?,USA
Which country was runner-up at the 2003 FIFA Women's World Cup?,Sweden
Who won the 2007 FIFA Women's World Cup?,Germany
Which country were crowned champions of the 2007 FIFA Women's World Cup?,Germany
Which country hosted the 2007 FIFA Women's World Cup?,China
Which country was runner-up at the 2007 FIFA Women's World Cup?,Brazil
Who won the 2011 FIFA Women's World Cup?,Japan
Which country were crowned champions of the 2011 FIFA Women's World Cup?,Japan
Which country hosted the 2011 FIFA Women's World Cup?,Germany
Which country was runner-up at the 2011 FIFA Women's World Cup?,USA
Who won the 2015 FIFA Women's World Cup?,USA
Which country were crowned champions of the 2015 FIFA Women's World Cup?,USA
Which country hosted the 2015 FIFA Women's World Cup?,Canada
Which country was runner-up at the 2015 FIFA Women's World Cup?,Japan
Who won the 2019 FIFA Women's World Cup?,USA
Which country were crowned champions of the 2019 FIFA Women's World Cup?,USA
Which country hosted the 2019 FIFA Women's World Cup?,France
Which country was runner-up at the 2019 FIFA Women's World Cup?,Netherlands
Who won the 2023 FIFA Women's World Cup?,Spain
Which country were crowned champions of the 2023 FIFA Women's World Cup?,Spain
Which country was runner-up at the 2023 FIFA Women's World Cup?,England
Which country hosted the first FIFA Women's World Cup in 1991?,China
Which country was runner-up at the 1991 FIFA Women's World Cup?,Norway
Which country will host the 2027 FIFA Women's World Cup?,Brazil
Who is the all-time top scorer in FIFA Women's World Cup history?,Marta
Who is the all-time top international goal scorer in women's football?,Christine-Sinclair
Who won the 1984 UEFA Women's European Championship?,Sweden
Which country were crowned women's European champions in 1984?,Sweden
Who won the 1987 UEFA Women's European Championship?,Norway
Which country were crowned women's European champions in 1987?,Norway
Who won the 1989 UEFA Women's European Championship?,WestGermany
Which country were crowned women's European champions in 1989?,WestGermany
Who won the 1991 UEFA Women's European Championship?,Germany
Which country were crowned women's European champions in 1991?,Germany
Who won the 1993 UEFA Women's European Championship?,Norway
Which country were crowned women's European champions in 1993?,Norway
Who won the 1995 UEFA Women's European Championship?,Germany
Which country were crowned women's European champions in 1995?,Germany
Who won the 1997 UEFA Women's European Championship?,Germany
Which country were crowned women's European champions in 1997?,Germany
Who won the 2001 UEFA Women's European Championship?,Germany
Which country were crowned women's European champions in 2001?,Germany
Who won the 2005 UEFA Women's European Championship?,Germany
Which country were crowned women's European champions in 2005?,Germany
Who won the 2009 UEFA Women's European Championship?,Germany
Which country were crowned women's European champions in 2009?,Germany
Who won the 2013 UEFA Women's European Championship?,Germany
Which country were crowned women's European champions in 2013?,Germany
Who won the 2017 UEFA Women's European Championship?,Netherlands
Which country were crowned women's European champions in 2017?,Netherlands
Who won the 2022 UEFA Women's European Championship?,England
Which country were crowned women's European champions in 2022?,England
Who won the 2025 UEFA Women's European Championship?,England
Which country were crowned women's European champions in 2025?,England
Which country has won the most UEFA Women's European Championships?,Germany
How many consecutive Women's Euro titles did Germany win from 1995 to 2013?,6
Which country hosted the 2025 UEFA Women's European Championship?,Switzerland
Which country did England beat in the Women's Euro 2025 final?,Spain
Which country did England beat in the Women's Euro 2022 final?,Germany
Who was the head coach of the team that won the 1930 FIFA World Cup?,Alberto-Suppici
Which manager guided his country to victory at the 1930 FIFA World Cup?,Alberto-Suppici
Who was the head coach of the team that won the 1934 FIFA World Cup?,Vittorio-Pozzo
Which manager guided his country to victory at the 1934 FIFA World Cup?,Vittorio-Pozzo
Who was the head coach of the team that won the 1938 FIFA World Cup?,Vittorio-Pozzo
Which manager guided his country to victory at the 1938 FIFA World Cup?,Vittorio-Pozzo
Who was the head coach of the team that won the 1950 FIFA World Cup?,Juan-Lopez
Which manager guided his country to victory at the 1950 FIFA World Cup?,Juan-Lopez
Who was the head coach of the team that won the 1954 FIFA World Cup?,Sepp-Herberger
Which manager guided his country to victory at the 1954 FIFA World Cup?,Sepp-Herberger
Who was the head coach of the team that won the 1958 FIFA World Cup?,Vicente-Feola
Which manager guided his country to victory at the 1958 FIFA World Cup?,Vicente-Feola
Who was the head coach of the team that won the 1962 FIFA World Cup?,Aymore-Moreira
Which manager guided his country to victory at the 1962 FIFA World Cup?,Aymore-Moreira
Who was the head coach of the team that won the 1966 FIFA World Cup?,Alf-Ramsey
Which manager guided his country to victory at the 1966 FIFA World Cup?,Alf-Ramsey
Who was the head coach of the team that won the 1970 FIFA World Cup?,Mario-Zagallo
Which manager guided his country to victory at the 1970 FIFA World Cup?,Mario-Zagallo
Who was the head coach of the team that won the 1974 FIFA World Cup?,Helmut-Schon
Which manager guided his country to victory at the 1974 FIFA World Cup?,Helmut-Schon
Who was the head coach of the team that won the 1978 FIFA World Cup?,Cesar-Luis-Menotti
Which manager guided his country to victory at the 1978 FIFA World Cup?,Cesar-Luis-Menotti
Who was the head coach of the team that won the 1982 FIFA World Cup?,Enzo-Bearzot
Which manager guided his country to victory at the 1982 FIFA World Cup?,Enzo-Bearzot
Who was the head coach of the team that won the 1986 FIFA World Cup?,Carlos-Bilardo
Which manager guided his country to victory at the 1986 FIFA World Cup?,Carlos-Bilardo
Who was the head coach of the team that won the 1990 FIFA World Cup?,Franz-Beckenbauer
Which manager guided his country to victory at the 1990 FIFA World Cup?,Franz-Beckenbauer
Who was the head coach of the team that won the 1994 FIFA World Cup?,Carlos-Alberto-Parreira
Which manager guided his country to victory at the 1994 FIFA World Cup?,Carlos-Alberto-Parreira
Who was the head coach of the team that won the 1998 FIFA World Cup?,Aime-Jacquet
Which manager guided his country to victory at the 1998 FIFA World Cup?,Aime-Jacquet
Who was the head coach of the team that won the 2002 FIFA World Cup?,Luiz-Felipe-Scolari
Which manager guided his country to victory at the 2002 FIFA World Cup?,Luiz-Felipe-Scolari
Who was the head coach of the team that won the 2006 FIFA World Cup?,Marcello-Lippi
Which manager guided his country to victory at the 2006 FIFA World Cup?,Marcello-Lippi
Who was the head coach of the team that won the 2010 FIFA World Cup?,Vicente-del-Bosque
Which manager guided his country to victory at the 2010 FIFA World Cup?,Vicente-del-Bosque
Who was the head coach of the team that won the 2014 FIFA World Cup?,Joachim-Low
Which manager guided his country to victory at the 2014 FIFA World Cup?,Joachim-Low
Who was the head coach of the team that won the 2018 FIFA World Cup?,Didier-Deschamps
Which manager guided his country to victory at the 2018 FIFA World Cup?,Didier-Deschamps
Who was the head coach of the team that won the 2022 FIFA World Cup?,Lionel-Scaloni
Which manager guided his country to victory at the 2022 FIFA World Cup?,Lionel-Scaloni
Who was the head coach of the team that won the 2026 FIFA World Cup?,Luis-de-la-Fuente
Which manager guided his country to victory at the 2026 FIFA World Cup?,Luis-de-la-Fuente
Which coach is the only one to win the FIFA World Cup twice?,Vittorio-Pozzo
Who became the oldest coach to win the FIFA World Cup in 2026?,Luis-de-la-Fuente
Who was the head coach of the team that won Euro 1960?,Gavriil-Kachalin
Which manager led his country to the Euro 1960 title?,Gavriil-Kachalin
Who was the head coach of the team that won Euro 1964?,Jose-Villalonga
Which manager led his country to the Euro 1964 title?,Jose-Villalonga
Who was the head coach of the team that won Euro 1968?,Ferruccio-Valcareggi
Which manager led his country to the Euro 1968 title?,Ferruccio-Valcareggi
Who was the head coach of the team that won Euro 1972?,Helmut-Schon
Which manager led his country to the Euro 1972 title?,Helmut-Schon
Who was the head coach of the team that won Euro 1976?,Vaclav-Jezek
Which manager led his country to the Euro 1976 title?,Vaclav-Jezek
Who was the head coach of the team that won Euro 1980?,Jupp-Derwall
Which manager led his country to the Euro 1980 title?,Jupp-Derwall
Who was the head coach of the team that won Euro 1984?,Michel-Hidalgo
Which manager led his country to the Euro 1984 title?,Michel-Hidalgo
Who was the head coach of the team that won Euro 1988?,Rinus-Michels
Which manager led his country to the Euro 1988 title?,Rinus-Michels
Who was the head coach of the team that won Euro 1992?,Richard-Moller-Nielsen
Which manager led his country to the Euro 1992 title?,Richard-Moller-Nielsen
Who was the head coach of the team that won Euro 1996?,Berti-Vogts
Which manager led his country to the Euro 1996 title?,Berti-Vogts
Who was the head coach of the team that won Euro 2000?,Roger-Lemerre
Which manager led his country to the Euro 2000 title?,Roger-Lemerre
Who was the head coach of the team that won Euro 2004?,Otto-Rehhagel
Which manager led his country to the Euro 2004 title?,Otto-Rehhagel
Who was the head coach of the team that won Euro 2008?,Luis-Aragones
Which manager led his country to the Euro 2008 title?,Luis-Aragones
Who was the head coach of the team that won Euro 2012?,Vicente-del-Bosque
Which manager led his country to the Euro 2012 title?,Vicente-del-Bosque
Who was the head coach of the team that won Euro 2016?,Fernando-Santos
Which manager led his country to the Euro 2016 title?,Fernando-Santos
Who was the head coach of the team that won Euro 2020 (played in 2021)?,Roberto-Mancini
Which manager led his country to the Euro 2020 (played in 2021) title?,Roberto-Mancini
Who was the head coach of the team that won Euro 2024?,Luis-de-la-Fuente
Which manager led his country to the Euro 2024 title?,Luis-de-la-Fuente
Who managed the winning team in the 1990 European Cup / Champions League final?,Arrigo-Sacchi
Who managed the winning team in the 1991 European Cup / Champions League final?,Ljupko-Petrovic
Who managed the winning team in the 1992 European Cup / Champions League final?,Johan-Cruyff
Who managed the winning team in the 1993 European Cup / Champions League final?,Raymond-Goethals
Who managed the winning team in the 1994 European Cup / Champions League final?,Fabio-Capello
Who managed the winning team in the 1995 European Cup / Champions League final?,Louis-van-Gaal
Who managed the winning team in the 1996 European Cup / Champions League final?,Marcello-Lippi
Who managed the winning team in the 1997 European Cup / Champions League final?,Ottmar-Hitzfeld
Who managed the winning team in the 1998 European Cup / Champions League final?,Jupp-Heynckes
Who managed the winning team in the 1999 European Cup / Champions League final?,Alex-Ferguson
Who managed the winning team in the 2000 European Cup / Champions League final?,Vicente-del-Bosque
Who managed the winning team in the 2001 European Cup / Champions League final?,Ottmar-Hitzfeld
Who managed the winning team in the 2002 European Cup / Champions League final?,Vicente-del-Bosque
Who managed the winning team in the 2003 European Cup / Champions League final?,Carlo-Ancelotti
Who managed the winning team in the 2004 European Cup / Champions League final?,Jose-Mourinho
Who managed the winning team in the 2005 European Cup / Champions League final?,Rafael-Benitez
Who managed the winning team in the 2006 European Cup / Champions League final?,Frank-Rijkaard
Who managed the winning team in the 2007 European Cup / Champions League final?,Carlo-Ancelotti
Who managed the winning team in the 2008 European Cup / Champions League final?,Alex-Ferguson
Who managed the winning team in the 2009 European Cup / Champions League final?,Pep-Guardiola
Who managed the winning team in the 2010 European Cup / Champions League final?,Jose-Mourinho
Who managed the winning team in the 2011 European Cup / Champions League final?,Pep-Guardiola
Who managed the winning team in the 2012 European Cup / Champions League final?,Roberto-Di-Matteo
Who managed the winning team in the 2013 European Cup / Champions League final?,Jupp-Heynckes
Who managed the winning team in the 2014 European Cup / Champions League final?,Carlo-Ancelotti
Who managed the winning team in the 2015 European Cup / Champions League final?,Luis-Enrique
Who managed the winning team in the 2016 European Cup / Champions League final?,Zinedine-Zidane
Who managed the winning team in the 2017 European Cup / Champions League final?,Zinedine-Zidane
Who managed the winning team in the 2018 European Cup / Champions League final?,Zinedine-Zidane
Who managed the winning team in the 2019 European Cup / Champions League final?,Jurgen-Klopp
Who managed the winning team in the 2020 European Cup / Champions League final?,Hansi-Flick
Who managed the winning team in the 2021 European Cup / Champions League final?,Thomas-Tuchel
Who managed the winning team in the 2022 European Cup / Champions League final?,Carlo-Ancelotti
Who managed the winning team in the 2023 European Cup / Champions League final?,Pep-Guardiola
Who managed the winning team in the 2024 European Cup / Champions League final?,Carlo-Ancelotti
Who managed the winning team in the 2025 European Cup / Champions League final?,Luis-Enrique
Which manager has won the most Champions League / European Cup titles?,Carlo-Ancelotti
How many Champions League titles has Carlo Ancelotti won as a manager?,5
Which manager won three consecutive Champions League titles with Real Madrid from 2016 to 2018?,Zinedine-Zidane
Who won the Golden Ball award for the best player at the 1982 FIFA World Cup?,Paolo-Rossi
Who won the Golden Ball award for the best player at the 1986 FIFA World Cup?,Diego-Maradona
Who won the Golden Ball award for the best player at the 1990 FIFA World Cup?,Salvatore-Schillaci
Who won the Golden Ball award for the best player at the 1994 FIFA World Cup?,Romario
Who won the Golden Ball award for the best player at the 1998 FIFA World Cup?,Ronaldo
Who won the Golden Ball award for the best player at the 2002 FIFA World Cup?,Oliver-Kahn
Who won the Golden Ball award for the best player at the 2006 FIFA World Cup?,Zinedine-Zidane
Who won the Golden Ball award for the best player at the 2026 FIFA World Cup?,Rodri
Which goalkeeper won the best goalkeeper award at the 1994 FIFA World Cup?,Michel-Preudhomme
Which goalkeeper won the best goalkeeper award at the 1998 FIFA World Cup?,Fabien-Barthez
Which goalkeeper won the best goalkeeper award at the 2002 FIFA World Cup?,Oliver-Kahn
Which goalkeeper won the best goalkeeper award at the 2006 FIFA World Cup?,Gianluigi-Buffon
Which goalkeeper won the best goalkeeper award at the 2010 FIFA World Cup?,Iker-Casillas
Which goalkeeper won the best goalkeeper award at the 2014 FIFA World Cup?,Manuel-Neuer
Which goalkeeper won the best goalkeeper award at the 2018 FIFA World Cup?,Thibaut-Courtois
Which goalkeeper won the best goalkeeper award at the 2026 FIFA World Cup?,Unai-Simon
Who won the Best Young Player award at the 2006 FIFA World Cup?,Lukas-Podolski
Who won the Best Young Player award at the 2010 FIFA World Cup?,Thomas-Muller
Who won the Best Young Player award at the 2014 FIFA World Cup?,Paul-Pogba
Who won the Best Young Player award at the 2018 FIFA World Cup?,Kylian-Mbappe
Who won the Best Young Player award at the 2022 FIFA World Cup?,Enzo-Fernandez
Who won the Best Young Player award at the 2026 FIFA World Cup?,Pau-Cubarsi
Which country finished third at the 1966 FIFA World Cup?,Portugal
Which country finished third at the 1970 FIFA World Cup?,WestGermany
Which country finished third at the 1974 FIFA World Cup?,Poland
Which country finished third at the 1982 FIFA World Cup?,Poland
Which country finished third at the 1986 FIFA World Cup?,France
Which country finished third at the 1990 FIFA World Cup?,Italy
Which country finished third at the 1994 FIFA World Cup?,Sweden
Which country finished third at the 1998 FIFA World Cup?,Croatia
Which country finished third at the 2002 FIFA World Cup?,Turkey
Which country finished third at the 2006 FIFA World Cup?,Germany
Which country finished third at the 2010 FIFA World Cup?,Germany
Which country finished third at the 2014 FIFA World Cup?,Netherlands
Which country finished third at the 2018 FIFA World Cup?,Belgium
Which country finished third at the 2022 FIFA World Cup?,Croatia
Which country finished third at the 2026 FIFA World Cup?,England
Who won the 2026 FIFA World Cup?,Spain
Which country were crowned world champions at the 2026 FIFA World Cup?,Spain
Which team was runner-up at the 2026 FIFA World Cup?,Argentina
Which team lost the final of the 2026 FIFA World Cup?,Argentina
Who won the golden boot at the 2026 FIFA World Cup?,Kylian-Mbappe
How many goals did the top scorer at the 2026 FIFA World Cup score?,10
Who scored the winning goal in the 2026 FIFA World Cup final?,Ferran-Torres
In which minute did Ferran Torres score the 2026 World Cup winning goal?,106
Which Argentina player was sent off in the 2026 World Cup final?,Enzo-Fernandez
Which country finished fourth at the 2026 FIFA World Cup?,France
Which country beat France 6-4 in the 2026 World Cup third-place match?,England
How many teams took part in the 2026 FIFA World Cup?,48
How many countries co-hosted the 2026 FIFA World Cup?,3
Which player became the first to win the World Cup Golden Boot twice in 2026?,Kylian-Mbappe
How many World Cup goals had Kylian Mbappe scored in total after the 2026 tournament?,22
How many World Cups has Spain won after the 2026 tournament?,2
Which country will host the 2034 FIFA World Cup?,SaudiArabia
Who scored the winning goal in the 2014 FIFA World Cup final?,Mario-Gotze
Who scored the winning goal in the 2010 FIFA World Cup final?,Andres-Iniesta
Who scored a hat-trick in the 1966 FIFA World Cup final?,Geoff-Hurst
Who scored a hat-trick in the 2022 FIFA World Cup final?,Kylian-Mbappe
Who scored twice with headers in the 1998 FIFA World Cup final?,Zinedine-Zidane
Who scored both of Brazil's goals in the 2002 FIFA World Cup final?,Ronaldo
Who scored the winning goal for Argentina in the 1986 FIFA World Cup final?,Jorge-Burruchaga
Which Italian defender did Zinedine Zidane headbutt in the 2006 World Cup final?,Marco-Materazzi
Who scored the famous 'Hand of God' goal at the 1986 FIFA World Cup?,Diego-Maradona
Against which country was the 'Hand of God' goal scored in 1986?,England
Which Italian player missed the decisive penalty in the 1994 World Cup final shootout?,Roberto-Baggio
Who scored an own goal to give France the lead in the 2018 World Cup final?,Mario-Mandzukic
Who scored five goals in one match against Cameroon at the 1994 FIFA World Cup?,Oleg-Salenko
What is the record for most goals scored by one player in a single World Cup match?,5
Who became the oldest goalscorer in World Cup history at the 1994 tournament?,Roger-Milla
Who scored the first hat-trick in FIFA World Cup history in 1930?,Bert-Patenaude
Who scored a hat-trick for Portugal against Spain at the 2018 FIFA World Cup?,Cristiano-Ronaldo
Who scored a hat-trick for England against Panama at the 2018 FIFA World Cup?,Harry-Kane
Who scored a hat-trick for Portugal against Switzerland at the 2022 FIFA World Cup?,Goncalo-Ramos
Who scored a hat-trick for Germany against Portugal at the 2014 FIFA World Cup?,Thomas-Muller
Who scored a hat-trick for Switzerland against Honduras at the 2014 FIFA World Cup?,Xherdan-Shaqiri
Who scored a hat-trick for Argentina against South Korea at the 2010 FIFA World Cup?,Gonzalo-Higuain
Who scored a hat-trick for Germany against Saudi Arabia at the 2002 FIFA World Cup?,Miroslav-Klose
Who scored a hat-trick for Portugal against Poland at the 2002 FIFA World Cup?,Pauleta
Who scored a hat-trick for Argentina against Jamaica at the 1998 FIFA World Cup?,Gabriel-Batistuta
Who scored a hat-trick for Argentina against Greece at the 1994 FIFA World Cup?,Gabriel-Batistuta
Who scored a hat-trick for England against Poland at the 1986 FIFA World Cup?,Gary-Lineker
Who scored four goals for Portugal against North Korea at the 1966 FIFA World Cup?,Eusebio
Which Frenchman won the World Cup as captain in 1998 and as coach in 2018?,Didier-Deschamps
Which German won the World Cup as captain in 1974 and as coach in 1990?,Franz-Beckenbauer
Who is the all-time top goalscorer in the history of Real Madrid?,Cristiano-Ronaldo
Who is the all-time top goalscorer in the history of Barcelona?,Lionel-Messi
Who is the all-time top goalscorer in the history of Manchester United?,Wayne-Rooney
Who is the all-time top goalscorer in the history of Arsenal?,Thierry-Henry
Who is the all-time top goalscorer in the history of Chelsea?,Frank-Lampard
Who is the all-time top goalscorer in the history of Liverpool?,Ian-Rush
Who is the all-time top goalscorer in the history of Manchester City?,Sergio-Aguero
Who is the all-time top goalscorer in the history of Tottenham Hotspur?,Harry-Kane
Who is the all-time top goalscorer in the history of Bayern Munich?,Gerd-Muller
Who is the all-time top goalscorer in the history of AC Milan?,Gunnar-Nordahl
Who is the all-time top goalscorer in the history of Inter Milan?,Giuseppe-Meazza
Who is the all-time top goalscorer in the history of Juventus?,Alessandro-Del-Piero
Who is the all-time top goalscorer in the history of AS Roma?,Francesco-Totti
Who is the all-time top goalscorer in the history of Napoli?,Dries-Mertens
Who is the all-time top goalscorer in the history of Paris Saint-Germain?,Kylian-Mbappe
Who is the all-time top goalscorer in the history of Benfica?,Eusebio
Who is the all-time top goalscorer in the history of Atletico Madrid?,Antoine-Griezmann
Who is the all-time top goalscorer in the history of Everton?,Dixie-Dean
Who is the all-time top goalscorer in the history of Newcastle United?,Alan-Shearer
Who is the all-time top goalscorer in the history of Santos?,Pele
Who is the all-time top goalscorer in the history of Celtic?,Jimmy-McGrory
Who is the all-time top goalscorer in the history of Leeds United?,Peter-Lorimer
Who is the all-time top goalscorer in the history of West Ham United?,Vic-Watson
Who is the all-time top goalscorer in the history of Porto?,Fernando-Gomes
Who is the all-time top goalscorer in the history of Sporting CP?,Fernando-Peyroteo
What is the name of Real Madrid's home stadium?,Santiago-Bernabeu
What is the name of FC Barcelona's home stadium?,Camp-Nou
What is the name of Atletico Madrid's home stadium?,Metropolitano
What is the name of Manchester United's home stadium?,Old-Trafford
What is the name of Liverpool's home stadium?,Anfield
What is the name of Arsenal's home stadium?,Emirates-Stadium
What is the name of Chelsea's home stadium?,Stamford-Bridge
What is the name of Manchester City's home stadium?,Etihad-Stadium
What is the name of Tottenham Hotspur's home stadium?,Tottenham-Hotspur-Stadium
What is the name of Newcastle United's home stadium?,St-James-Park
What is the name of Aston Villa's home stadium?,Villa-Park
What is the name of West Ham United's home stadium?,London-Stadium
What is the name of Leeds United's home stadium?,Elland-Road
What is the name of Wolverhampton Wanderers's home stadium?,Molineux
What is the name of Leicester City's home stadium?,King-Power-Stadium
What is the name of Fulham's home stadium?,Craven-Cottage
What is the name of Crystal Palace's home stadium?,Selhurst-Park
What is the name of Nottingham Forest's home stadium?,City-Ground
What is the name of Southampton's home stadium?,St-Marys-Stadium
What is the name of Sunderland's home stadium?,Stadium-of-Light
What is the name of Brighton & Hove Albion's home stadium?,Amex-Stadium
What is the name of Burnley's home stadium?,Turf-Moor
What is the name of Bayern Munich's home stadium?,Allianz-Arena
What is the name of Borussia Dortmund's home stadium?,Signal-Iduna-Park
What is the name of Schalke 04's home stadium?,Veltins-Arena
What is the name of Bayer Leverkusen's home stadium?,BayArena
What is the name of AC Milan's home stadium?,San-Siro
What is the name of Inter Milan's home stadium?,San-Siro
What is the name of Juventus's home stadium?,Allianz-Stadium
What is the name of AS Roma's home stadium?,Stadio-Olimpico
What is the name of Lazio's home stadium?,Stadio-Olimpico
What is the name of Napoli's home stadium?,Stadio-Diego-Armando-Maradona
What is the name of Paris Saint-Germain's home stadium?,Parc-des-Princes
What is the name of Marseille's home stadium?,Stade-Velodrome
What is the name of Benfica's home stadium?,Estadio-da-Luz
What is the name of Porto's home stadium?,Estadio-do-Dragao
What is the name of Sporting CP's home stadium?,Estadio-Jose-Alvalade
What is the name of Ajax's home stadium?,Johan-Cruyff-Arena
What is the name of Feyenoord's home stadium?,De-Kuip
What is the name of PSV Eindhoven's home stadium?,Philips-Stadion
What is the name of Celtic's home stadium?,Celtic-Park
What is the name of Rangers's home stadium?,Ibrox
What is the name of Boca Juniors's home stadium?,La-Bombonera
What is the name of River Plate's home stadium?,El-Monumental
What is the name of Santos's home stadium?,Vila-Belmiro
What is the name of Sevilla's home stadium?,Ramon-Sanchez-Pizjuan
What is the name of Real Betis's home stadium?,Benito-Villamarin
What is the name of Valencia's home stadium?,Mestalla
What is the name of Athletic Bilbao's home stadium?,San-Mames
What is the name of Everton's home stadium?,Hill-Dickinson-Stadium
Which stadium did Everton leave in 2025 after more than 130 years?,Goodison-Park
What was the name of Arsenal's home stadium before they moved to the Emirates in 2006?,Highbury
Which stadium is the home of the England national team?,Wembley
Which stadium in Rio de Janeiro hosted the 1950 and 2014 World Cup finals?,Maracana
Which stadium in Mexico City hosted the 1970 and 1986 World Cup finals?,Estadio-Azteca
Which stadium in Montevideo hosted the first World Cup final in 1930?,Estadio-Centenario
Which stadium in Saint-Denis hosted the 1998 World Cup final?,Stade-de-France
Which stadium is the home of the Scotland national team?,Hampden-Park
Which stadium hosted the 2026 FIFA World Cup final?,MetLife-Stadium
What is the nickname of Arsenal?,Gunners
What is the nickname of Chelsea?,Blues
What is the nickname of Manchester United?,Red-Devils
What is the nickname of Liverpool?,Reds
What is the nickname of Tottenham Hotspur?,Spurs
What is the nickname of Everton?,Toffees
What is the nickname of Newcastle United?,Magpies
What is the nickname of West Ham United?,Hammers
What is the nickname of Aston Villa?,Villans
What is the nickname of Leicester City?,Foxes
What is the nickname of Southampton?,Saints
What is the nickname of Sunderland?,Black-Cats
What is the nickname of Brighton & Hove Albion?,Seagulls
What is the nickname of Norwich City?,Canaries
What is the nickname of Watford?,Hornets
What is the nickname of Fulham?,Cottagers
What is the nickname of Crystal Palace?,Eagles
What is the nickname of Juventus?,Old-Lady
What is the nickname of FC Barcelona?,Blaugrana
What is the nickname of Real Madrid?,Los-Blancos
What is the nickname of AC Milan?,Rossoneri
What is the nickname of Inter Milan?,Nerazzurri
What is the nickname of AS Roma?,Giallorossi
What is the nickname of Atletico Madrid?,Colchoneros
What is the nickname of Boca Juniors?,Xeneizes
What is the nickname of the Brazil national football team?,Selecao
What is the nickname of the Argentina national football team?,Albiceleste
What is the nickname of the Italy national football team?,Azzurri
What is the nickname of the the Netherlands national football team?,Oranje
What is the nickname of the France national football team?,Les-Bleus
What is the nickname of the Spain national football team?,La-Roja
What is the nickname of the England national football team?,Three-Lions
What is the nickname of the Germany national football team?,Die-Mannschaft
What is the nickname of the Belgium national football team?,Red-Devils
What is the nickname of the Nigeria national football team?,Super-Eagles
What is the nickname of the Cameroon national football team?,Indomitable-Lions
What is the nickname of the Ghana national football team?,Black-Stars
What is the nickname of the Senegal national football team?,Lions-of-Teranga
What is the nickname of the Morocco national football team?,Atlas-Lions
What is the nickname of the Ivory Coast national football team?,Elephants
What is the nickname of the Egypt national football team?,Pharaohs
What is the nickname of the South Africa national football team?,Bafana-Bafana
What is the nickname of the Japan national football team?,Samurai-Blue
What is the nickname of the South Korea national football team?,Taeguk-Warriors
What is the nickname of the Australia national football team?,Socceroos
What is the nickname of the New Zealand national football team?,All-Whites
What is the nickname of the Mexico national football team?,El-Tri
What is the nickname of the Uruguay national football team?,La-Celeste
What is the nickname of the Croatia national football team?,Vatreni
What is the nickname of the Zambia national football team?,Chipolopolo
In which city is Juventus based?,Turin
In which city is AS Roma based?,Rome
In which city is Lazio based?,Rome
In which city is Napoli based?,Naples
In which city is Inter Milan based?,Milan
In which city is Porto based?,Porto
In which city is Benfica based?,Lisbon
In which city is Sporting CP based?,Lisbon
In which city is Ajax based?,Amsterdam
In which city is Feyenoord based?,Rotterdam
In which city is PSV based?,Eindhoven
In which city is Celtic based?,Glasgow
In which city is Rangers based?,Glasgow
In which city is Borussia Dortmund based?,Dortmund
In which city is Galatasaray based?,Istanbul
In which city is Fenerbahce based?,Istanbul
In which city is Besiktas based?,Istanbul
In which city is Boca Juniors based?,Buenos-Aires
In which city is River Plate based?,Buenos-Aires
In which city is Flamengo based?,Rio-de-Janeiro
In which city is Fluminense based?,Rio-de-Janeiro
In which city is Palmeiras based?,Sao-Paulo
In which city is Corinthians based?,Sao-Paulo
In which city is Olympique Lyonnais based?,Lyon
In which city is Olympique de Marseille based?,Marseille
In which city is Sevilla based?,Seville
In which city is Real Betis based?,Seville
In which city is Valencia based?,Valencia
In which city is Athletic Bilbao based?,Bilbao
In which city is Atletico Madrid based?,Madrid
In which city is Everton based?,Liverpool
In which city is Manchester United based?,Manchester
In which city is Manchester City based?,Manchester
In which city is Chelsea based?,London
In which city is Tottenham Hotspur based?,London
In which city is West Ham United based?,London
In which city is Crystal Palace based?,London
In which city is Aston Villa based?,Birmingham
In which city is Eintracht Frankfurt based?,Frankfurt
In which city is VfB Stuttgart based?,Stuttgart
In which city is Hamburger SV based?,Hamburg
In which city is Werder Bremen based?,Bremen
In which city is Zenit based?,Saint-Petersburg
In which city is Anderlecht based?,Brussels
In which city is Olympiacos based?,Piraeus
In which city is Red Star Belgrade based?,Belgrade
In which city is Al Ahly based?,Cairo
In which city is Al Hilal based?,Riyadh
In which country is the club Ajax based?,Netherlands
In which country is the club Galatasaray based?,Turkey
In which country is the club Celtic based?,Scotland
In which country is the club Porto based?,Portugal
In which country is the club Benfica based?,Portugal
In which country is the club Anderlecht based?,Belgium
In which country is the club Olympiacos based?,Greece
In which country is the club Red Star Belgrade based?,Serbia
In which country is the club Shakhtar Donetsk based?,Ukraine
In which country is the club Al Ahly based?,Egypt
In which country is the club Al Hilal based?,SaudiArabia
In which country is the club Al Nassr based?,SaudiArabia
In which country is the club Inter Miami based?,USA
In which country is the club Club America based?,Mexico
In which country is the club Santos based?,Brazil
In which country is the club River Plate based?,Argentina
In which country is the club Penarol based?,Uruguay
In which country is the club Colo-Colo based?,Chile
In which country is the club Olimpia based?,Paraguay
In which country is the club Atletico Nacional based?,Colombia
In which country is the club Kaizer Chiefs based?,SouthAfrica
In which country is the club Urawa Red Diamonds based?,Japan
In which country is the club Dinamo Zagreb based?,Croatia
In which country is the club Sparta Prague based?,Czechia
In which country is the club Salzburg based?,Austria
In which country is the club Basel based?,Switzerland
In which country is the club Copenhagen based?,Denmark
In which country is the club Malmo FF based?,Sweden
In which country is the club Rosenborg based?,Norway
In which country is the club Legia Warsaw based?,Poland
In which country is the Premier League played?,England
In which country is the La Liga played?,Spain
In which country is the Serie A played?,Italy
In which country is the Bundesliga played?,Germany
In which country is the Ligue 1 played?,France
In which country is the Eredivisie played?,Netherlands
In which country is the Primeira Liga played?,Portugal
In which country is the Scottish Premiership played?,Scotland
In which country is the Super Lig played?,Turkey
In which country is the Major League Soccer played?,USA
In which country is the Saudi Pro League played?,SaudiArabia
In which country is the J1 League played?,Japan
In which country is the K League 1 played?,SouthKorea
In which country is the A-League Men played?,Australia
In which country is the Brasileirao Serie A played?,Brazil
In which country is the Liga MX played?,Mexico
In which country is the Liga Profesional played?,Argentina
Who is the all-time top scorer in UEFA Champions League history?,Cristiano-Ronaldo
Who is the all-time top scorer in UEFA European Championship history?,Cristiano-Ronaldo
Which club won the European Cup Winners' Cup in 1994 by beating Parma?,Arsenal
"Which Spanish club won the treble of La Liga, Copa del Rey and Champions League in 2008-09?",Barcelona
"Which English club won the treble of Premier League, FA Cup and Champions League in 1998-99?",Manchester-United
"Which English club won the treble of Premier League, FA Cup and Champions League in 2022-23?",Manchester-City
"Which Italian club won the treble of Serie A, Coppa Italia and Champions League in 2009-10?",Inter-Milan
"Which German club won the treble of Bundesliga, DFB-Pokal and Champions League in 2012-13?",Bayern-Munich
"Which French club won the treble of Ligue 1, Coupe de France and Champions League in 2024-25?",PSG
Which Brazilian won the World Cup as a player in 1958 and as head coach in 1970?,Mario-Zagallo
Which club won the 1973 UEFA Super Cup?,Ajax
Which club won the 1975 UEFA Super Cup?,Dynamo-Kyiv
Which club won the 1976 UEFA Super Cup?,Anderlecht
Which club won the 1977 UEFA Super Cup?,Liverpool
Which club won the 1978 UEFA Super Cup?,Anderlecht
Which club won the 1979 UEFA Super Cup?,Nottingham-Forest
Which club won the 1980 UEFA Super Cup?,Valencia
Which club won the 1982 UEFA Super Cup?,Aston-Villa
Which club won the 1983 UEFA Super Cup?,Aberdeen
Which club won the 1984 UEFA Super Cup?,Juventus
Which club won the 1986 UEFA Super Cup?,Steaua-Bucuresti
Which club won the 1987 UEFA Super Cup?,Porto
Which club won the 1988 UEFA Super Cup?,KV-Mechelen
Which club won the 1989 UEFA Super Cup?,AC-Milan
Which club won the 1990 UEFA Super Cup?,AC-Milan
Which club won the 1991 UEFA Super Cup?,Manchester-United
Which club won the 1992 UEFA Super Cup?,Barcelona
Which club won the 1993 UEFA Super Cup?,Parma
Which club won the 1994 UEFA Super Cup?,AC-Milan
Which club won the 1995 UEFA Super Cup?,Ajax
Which club won the 1996 UEFA Super Cup?,Juventus
Which club won the 1997 UEFA Super Cup?,Barcelona
Which club won the 1998 UEFA Super Cup?,Chelsea
Which club won the 1999 UEFA Super Cup?,Lazio
Which club won the 2000 UEFA Super Cup?,Galatasaray
Which club won the 2001 UEFA Super Cup?,Liverpool
Which club won the 2002 UEFA Super Cup?,Real-Madrid
Which club won the 2003 UEFA Super Cup?,AC-Milan
Which club won the 2004 UEFA Super Cup?,Valencia
Which club won the 2005 UEFA Super Cup?,Liverpool
Which club won the 2006 UEFA Super Cup?,Sevilla
Which club won the 2007 UEFA Super Cup?,AC-Milan
Which club won the 2008 UEFA Super Cup?,Zenit-Saint-Petersburg
Which club won the 2009 UEFA Super Cup?,Barcelona
Which club won the 2010 UEFA Super Cup?,Atletico-Madrid
Which club won the 2011 UEFA Super Cup?,Barcelona
Which club won the 2012 UEFA Super Cup?,Atletico-Madrid
Which club won the 2013 UEFA Super Cup?,Bayern-Munich
Which club won the 2014 UEFA Super Cup?,Real-Madrid
Which club won the 2015 UEFA Super Cup?,Barcelona
Which club won the 2016 UEFA Super Cup?,Real-Madrid
Which club won the 2017 UEFA Super Cup?,Real-Madrid
Which club won the 2018 UEFA Super Cup?,Atletico-Madrid
Which club won the 2019 UEFA Super Cup?,Liverpool
Which club won the 2020 UEFA Super Cup?,Bayern-Munich
Which club won the 2021 UEFA Super Cup?,Chelsea
Which club won the 2022 UEFA Super Cup?,Real-Madrid
Which club won the 2023 UEFA Super Cup?,Manchester-City
Which club won the 2024 UEFA Super Cup?,Real-Madrid
Which club won the 2025 UEFA Super Cup?,PSG
Which club won the 2026 UEFA Super Cup?,PSG
Which club has won the most UEFA Super Cup titles?,Real-Madrid
How many UEFA Super Cup titles has Real Madrid won?,6
Which club has lost the most UEFA Super Cup finals?,Sevilla
Which stadium in Monaco hosted every UEFA Super Cup from 1998 to 2012?,Stade-Louis-II
Which club did PSG beat on penalties in the 2025 UEFA Super Cup?,Tottenham
Which club did PSG beat in the 2026 UEFA Super Cup?,Aston-Villa
Which club did Galatasaray beat with a golden goal in the 2000 UEFA Super Cup?,Real-Madrid
Which club won the 1961 European Cup Winners' Cup?,Fiorentina
Which club won the 1962 European Cup Winners' Cup?,Atletico-Madrid
Which club won the 1963 European Cup Winners' Cup?,Tottenham
Which club won the 1964 European Cup Winners' Cup?,Sporting-CP
Which club won the 1965 European Cup Winners' Cup?,West-Ham
Which club won the 1966 European Cup Winners' Cup?,Borussia-Dortmund
Which club won the 1967 European Cup Winners' Cup?,Bayern-Munich
Which club won the 1968 European Cup Winners' Cup?,AC-Milan
Which club won the 1969 European Cup Winners' Cup?,Slovan-Bratislava
Which club won the 1970 European Cup Winners' Cup?,Manchester-City
Which club won the 1971 European Cup Winners' Cup?,Chelsea
Which club won the 1972 European Cup Winners' Cup?,Rangers
Which club won the 1973 European Cup Winners' Cup?,AC-Milan
Which club won the 1974 European Cup Winners' Cup?,FC-Magdeburg
Which club won the 1975 European Cup Winners' Cup?,Dynamo-Kyiv
Which club won the 1976 European Cup Winners' Cup?,Anderlecht
Which club won the 1977 European Cup Winners' Cup?,Hamburger-SV
Which club won the 1978 European Cup Winners' Cup?,Anderlecht
Which club won the 1979 European Cup Winners' Cup?,Barcelona
Which club won the 1980 European Cup Winners' Cup?,Valencia
Which club won the 1981 European Cup Winners' Cup?,Dinamo-Tbilisi
Which club won the 1982 European Cup Winners' Cup?,Barcelona
Which club won the 1983 European Cup Winners' Cup?,Aberdeen
Which club won the 1984 European Cup Winners' Cup?,Juventus
Which club won the 1985 European Cup Winners' Cup?,Everton
Which club won the 1986 European Cup Winners' Cup?,Dynamo-Kyiv
Which club won the 1987 European Cup Winners' Cup?,Ajax
Which club won the 1988 European Cup Winners' Cup?,KV-Mechelen
Which club won the 1989 European Cup Winners' Cup?,Barcelona
Which club won the 1990 European Cup Winners' Cup?,Sampdoria
Which club won the 1991 European Cup Winners' Cup?,Manchester-United
Which club won the 1992 European Cup Winners' Cup?,Werder-Bremen
Which club won the 1993 European Cup Winners' Cup?,Parma
Which club won the 1995 European Cup Winners' Cup?,Real-Zaragoza
Which club won the 1996 European Cup Winners' Cup?,PSG
Which club won the 1997 European Cup Winners' Cup?,Barcelona
Which club won the 1998 European Cup Winners' Cup?,Chelsea
Which club won the 1999 European Cup Winners' Cup?,Lazio
Which club has won the most European Cup Winners' Cup titles?,Barcelona
How many European Cup Winners' Cup titles did Barcelona win?,4
Which club won the first European Cup Winners' Cup in 1961?,Fiorentina
Which club won the last ever European Cup Winners' Cup in 1999?,Lazio
Which club did Lazio beat in the last European Cup Winners' Cup final in 1999?,Mallorca
Which country's clubs won the European Cup Winners' Cup the most times?,England
Which Scottish club did Alex Ferguson lead to the 1983 European Cup Winners' Cup?,Aberdeen
Which club did Aberdeen beat in the 1983 European Cup Winners' Cup final?,Real-Madrid
Which manager led Lazio to the 1999 European Cup Winners' Cup?,Sven-Goran-Eriksson
In which year was the European Cup Winners' Cup abolished?,1999
Which club won the English league title in the 1888-89 season?,Preston-North-End
Which club won the English league title in the 1889-90 season?,Preston-North-End
Which club won the English league title in the 1890-91 season?,Everton
Which club won the English league title in the 1891-92 season?,Sunderland
Which club won the English league title in the 1892-93 season?,Sunderland
Which club won the English league title in the 1893-94 season?,Aston-Villa
Which club won the English league title in the 1894-95 season?,Sunderland
Which club won the English league title in the 1895-96 season?,Aston-Villa
Which club won the English league title in the 1896-97 season?,Aston-Villa
Which club won the English league title in the 1897-98 season?,Sheffield-United
Which club won the English league title in the 1898-99 season?,Aston-Villa
Which club won the English league title in the 1899-00 season?,Aston-Villa
Which club won the English league title in the 1900-01 season?,Liverpool
Which club won the English league title in the 1901-02 season?,Sunderland
Which club won the English league title in the 1902-03 season?,Sheffield-Wednesday
Which club won the English league title in the 1903-04 season?,Sheffield-Wednesday
Which club won the English league title in the 1904-05 season?,Newcastle-United
Which club won the English league title in the 1905-06 season?,Liverpool
Which club won the English league title in the 1906-07 season?,Newcastle-United
Which club won the English league title in the 1907-08 season?,Manchester-United
Which club won the English league title in the 1908-09 season?,Newcastle-United
Which club won the English league title in the 1909-10 season?,Aston-Villa
Which club won the English league title in the 1910-11 season?,Manchester-United
Which club won the English league title in the 1911-12 season?,Blackburn-Rovers
Which club won the English league title in the 1912-13 season?,Sunderland
Which club won the English league title in the 1913-14 season?,Blackburn-Rovers
Which club won the English league title in the 1914-15 season?,Everton
Which club won the English league title in the 1919-20 season?,West-Bromwich-Albion
Which club won the English league title in the 1920-21 season?,Burnley
Which club won the English league title in the 1921-22 season?,Liverpool
Which club won the English league title in the 1922-23 season?,Liverpool
Which club won the English league title in the 1923-24 season?,Huddersfield-Town
Which club won the English league title in the 1924-25 season?,Huddersfield-Town
Which club won the English league title in the 1925-26 season?,Huddersfield-Town
Which club won the English league title in the 1926-27 season?,Newcastle-United
Which club won the English league title in the 1927-28 season?,Everton
Which club won the English league title in the 1928-29 season?,Sheffield-Wednesday
Which club won the English league title in the 1929-30 season?,Sheffield-Wednesday
Which club won the English league title in the 1930-31 season?,Arsenal
Which club won the English league title in the 1931-32 season?,Everton
Which club won the English league title in the 1932-33 season?,Arsenal
Which club won the English league title in the 1933-34 season?,Arsenal
Which club won the English league title in the 1934-35 season?,Arsenal
Which club won the English league title in the 1935-36 season?,Sunderland
Which club won the English league title in the 1936-37 season?,Manchester-City
Which club won the English league title in the 1937-38 season?,Arsenal
Which club won the English league title in the 1938-39 season?,Everton
Which club won the English league title in the 1946-47 season?,Liverpool
Which club won the English league title in the 1947-48 season?,Arsenal
Which club won the English league title in the 1948-49 season?,Portsmouth
Which club won the English league title in the 1949-50 season?,Portsmouth
Which club won the English league title in the 1950-51 season?,Tottenham
Which club won the English league title in the 1951-52 season?,Manchester-United
Which club won the English league title in the 1952-53 season?,Arsenal
Which club won the English league title in the 1953-54 season?,Wolverhampton-Wanderers
Which club won the English league title in the 1954-55 season?,Chelsea
Which club won the English league title in the 1955-56 season?,Manchester-United
Which club won the English league title in the 1956-57 season?,Manchester-United
Which club won the English league title in the 1957-58 season?,Wolverhampton-Wanderers
Which club won the English league title in the 1958-59 season?,Wolverhampton-Wanderers
Which club won the English league title in the 1959-60 season?,Burnley
Which club won the English league title in the 1960-61 season?,Tottenham
Which club won the English league title in the 1961-62 season?,Ipswich-Town
Which club won the English league title in the 1962-63 season?,Everton
Which club won the English league title in the 1963-64 season?,Liverpool
Which club won the English league title in the 1964-65 season?,Manchester-United
Which club won the English league title in the 1965-66 season?,Liverpool
Which club won the English league title in the 1966-67 season?,Manchester-United
Which club won the English league title in the 1967-68 season?,Manchester-City
Which club won the English league title in the 1968-69 season?,Leeds-United
Which club won the English league title in the 1969-70 season?,Everton
Which club won the English league title in the 1970-71 season?,Arsenal
Which club won the English league title in the 1971-72 season?,Derby-County
Which club won the English league title in the 1972-73 season?,Liverpool
Which club won the English league title in the 1973-74 season?,Leeds-United
Which club won the English league title in the 1974-75 season?,Derby-County
Which club won the English league title in the 1975-76 season?,Liverpool
Which club won the English league title in the 1976-77 season?,Liverpool
Which club won the English league title in the 1977-78 season?,Nottingham-Forest
Which club won the English league title in the 1978-79 season?,Liverpool
Which club won the English league title in the 1979-80 season?,Liverpool
Which club won the English league title in the 1980-81 season?,Aston-Villa
Which club won the English league title in the 1981-82 season?,Liverpool
Which club won the English league title in the 1982-83 season?,Liverpool
Which club won the English league title in the 1983-84 season?,Liverpool
Which club won the English league title in the 1984-85 season?,Everton
Which club won the English league title in the 1985-86 season?,Liverpool
Which club won the English league title in the 1986-87 season?,Everton
Which club won the English league title in the 1987-88 season?,Liverpool
Which club won the English league title in the 1988-89 season?,Arsenal
Which club won the English league title in the 1989-90 season?,Liverpool
Which club won the English league title in the 1990-91 season?,Arsenal
Which club won the English league title in the 1991-92 season?,Leeds-United
Which club won the first ever English Football League title in 1888-89?,Preston-North-End
Which club won the last First Division title before the Premier League began?,Leeds-United
How many English league titles has Arsenal won after the 2025-26 season?,14
How many English league titles has Everton won?,9
How many English league titles has Aston Villa won?,7
"Which club became the first to win four consecutive English league titles, from 2021 to 2024?",Manchester-City
What was Sheffield Wednesday's club name when it won its first three English league titles?,The-Wednesday
Which club won the English league title in its first season after promotion in 1977-78?,Nottingham-Forest
Which club won its only English league title in 1961-62 under Alf Ramsey?,Ipswich-Town
Which club won the 1965 African Cup of Champions Clubs?,Oryx-Douala
Which club won the 1966 African Cup of Champions Clubs?,Stade-dAbidjan
Which club won the 1969 African Cup of Champions Clubs?,Ismaily
Which club won the 1970 African Cup of Champions Clubs?,Asante-Kotoko
Which club won the 1971 African Cup of Champions Clubs?,Canon-Yaounde
Which club won the 1972 African Cup of Champions Clubs?,Hafia
Which club won the 1973 African Cup of Champions Clubs?,AS-Vita-Club
Which club won the 1974 African Cup of Champions Clubs?,CARA-Brazzaville
Which club won the 1975 African Cup of Champions Clubs?,Hafia
Which club won the 1976 African Cup of Champions Clubs?,MC-Alger
Which club won the 1977 African Cup of Champions Clubs?,Hafia
Which club won the 1978 African Cup of Champions Clubs?,Canon-Yaounde
Which club won the 1979 African Cup of Champions Clubs?,Union-Douala
Which club won the 1980 African Cup of Champions Clubs?,Canon-Yaounde
Which club won the 1981 African Cup of Champions Clubs?,JS-Kabylie
Which club won the 1982 African Cup of Champions Clubs?,Al-Ahly
Which club won the 1983 African Cup of Champions Clubs?,Asante-Kotoko
Which club won the 1984 African Cup of Champions Clubs?,Zamalek
Which club won the 1985 African Cup of Champions Clubs?,FAR-Rabat
Which club won the 1986 African Cup of Champions Clubs?,Zamalek
Which club won the 1987 African Cup of Champions Clubs?,Al-Ahly
Which club won the 1988 African Cup of Champions Clubs?,ES-Setif
Which club won the 1989 African Cup of Champions Clubs?,Raja-Casablanca
Which club won the 1990 African Cup of Champions Clubs?,JS-Kabylie
Which club won the 1991 African Cup of Champions Clubs?,Club-Africain
Which club won the 1992 African Cup of Champions Clubs?,Wydad-Casablanca
Which club won the 1993 African Cup of Champions Clubs?,Zamalek
Which club won the 1994 African Cup of Champions Clubs?,Esperance-de-Tunis
Which club won the 1995 African Cup of Champions Clubs?,Orlando-Pirates
Which club won the 1996 African Cup of Champions Clubs?,Zamalek
Which club won the 1997 CAF Champions League?,Raja-Casablanca
Which club won the 1998 CAF Champions League?,ASEC-Mimosas
Which club won the 1999 CAF Champions League?,Raja-Casablanca
Which club won the 2000 CAF Champions League?,Hearts-of-Oak
Which club won the 2001 CAF Champions League?,Al-Ahly
Which club won the 2002 CAF Champions League?,Zamalek
Which club won the 2003 CAF Champions League?,Enyimba
Which club won the 2004 CAF Champions League?,Enyimba
Which club won the 2005 CAF Champions League?,Al-Ahly
Which club won the 2006 CAF Champions League?,Al-Ahly
Which club won the 2007 CAF Champions League?,Etoile-du-Sahel
Which club won the 2008 CAF Champions League?,Al-Ahly
Which club won the 2009 CAF Champions League?,TP-Mazembe
Which club won the 2010 CAF Champions League?,TP-Mazembe
Which club won the 2011 CAF Champions League?,Esperance-de-Tunis
Which club won the 2012 CAF Champions League?,Al-Ahly
Which club won the 2013 CAF Champions League?,Al-Ahly
Which club won the 2014 CAF Champions League?,ES-Setif
Which club won the 2015 CAF Champions League?,TP-Mazembe
Which club won the 2016 CAF Champions League?,Mamelodi-Sundowns
Which club won the 2017 CAF Champions League?,Wydad-Casablanca
Which club won the 2018 CAF Champions League?,Esperance-de-Tunis
Which club won the 2019 CAF Champions League?,Esperance-de-Tunis
Which club won the 2020 CAF Champions League?,Al-Ahly
Which club won the 2021 CAF Champions League?,Al-Ahly
Which club won the 2022 CAF Champions League?,Wydad-Casablanca
Which club won the 2023 CAF Champions League?,Al-Ahly
Which club won the 2024 CAF Champions League?,Al-Ahly
Which club won the 2025 CAF Champions League?,Pyramids
Which club won the 2026 CAF Champions League?,Mamelodi-Sundowns
Which club has won the most CAF Champions League titles?,Al-Ahly
How many CAF Champions League titles has Al Ahly won?,12
Which country's clubs have won the most CAF Champions League titles?,Egypt
Which club did Mamelodi Sundowns beat in the 2026 CAF Champions League final?,FAR-Rabat
Which club did Al Ahly beat in the all-Egyptian 2020 CAF Champions League final?,Zamalek
Which South African club did Al Ahly beat in the 2021 CAF Champions League final?,Kaizer-Chiefs
In which country is the club TP Mazembe based?,DRCongo
In which country is the club Esperance de Tunis based?,Tunisia
In which country is the club Wydad Casablanca based?,Morocco
In which country is the club Mamelodi Sundowns based?,SouthAfrica
In which country is the club Enyimba based?,Nigeria
In which country is the club Asante Kotoko based?,Ghana
In which country is the club Zamalek based?,Egypt
Which club won the 1967 Asian Club Championship?,Hapoel-Tel-Aviv
Which club won the 1969 Asian Club Championship?,Maccabi-Tel-Aviv
Which club won the 1971 Asian Club Championship?,Maccabi-Tel-Aviv
Which club won the 1988-89 Asian Club Championship?,Al-Sadd
Which club won the 1989-90 Asian Club Championship?,Liaoning
Which club won the 1990-91 Asian Club Championship?,Esteghlal
Which club won the 1991 Asian Club Championship?,Al-Hilal
Which club won the 1992-93 Asian Club Championship?,PAS-Tehran
Which club won the 1993-94 Asian Club Championship?,Thai-Farmers-Bank
Which club won the 1994-95 Asian Club Championship?,Thai-Farmers-Bank
Which club won the 1996-97 Asian Club Championship?,Pohang-Steelers
Which club won the 1997-98 Asian Club Championship?,Pohang-Steelers
Which club won the 1998-99 Asian Club Championship?,Jubilo-Iwata
Which club won the 1999-2000 Asian Club Championship?,Al-Hilal
Which club won the 2000-01 Asian Club Championship?,Suwon-Samsung-Bluewings
Which club won the 2001-02 Asian Club Championship?,Suwon-Samsung-Bluewings
Which club won the 2002-03 AFC Champions League?,Al-Ain
Which club won the 2004 AFC Champions League?,Al-Ittihad
Which club won the 2005 AFC Champions League?,Al-Ittihad
Which club won the 2006 AFC Champions League?,Jeonbuk-Hyundai-Motors
Which club won the 2007 AFC Champions League?,Urawa-Red-Diamonds
Which club won the 2008 AFC Champions League?,Gamba-Osaka
Which club won the 2009 AFC Champions League?,Pohang-Steelers
Which club won the 2010 AFC Champions League?,Seongnam-Ilhwa-Chunma
Which club won the 2011 AFC Champions League?,Al-Sadd
Which club won the 2012 AFC Champions League?,Ulsan-Hyundai
Which club won the 2013 AFC Champions League?,Guangzhou-Evergrande
Which club won the 2014 AFC Champions League?,Western-Sydney-Wanderers
Which club won the 2015 AFC Champions League?,Guangzhou-Evergrande
Which club won the 2016 AFC Champions League?,Jeonbuk-Hyundai-Motors
Which club won the 2017 AFC Champions League?,Urawa-Red-Diamonds
Which club won the 2018 AFC Champions League?,Kashima-Antlers
Which club won the 2019 AFC Champions League?,Al-Hilal
Which club won the 2020 AFC Champions League?,Ulsan-Hyundai
Which club won the 2021 AFC Champions League?,Al-Hilal
Which club won the 2022 AFC Champions League?,Urawa-Red-Diamonds
Which club won the 2023-24 AFC Champions League?,Al-Ain
Which club won the 2024-25 AFC Champions League Elite?,Al-Ahli
Which club won the 2025-26 AFC Champions League Elite?,Al-Ahli
Which club has won the most Asian Club Championship / AFC Champions League titles?,Al-Hilal
How many AFC Champions League titles has Al-Hilal won?,4
Which country's clubs have won the most AFC Champions League titles?,SouthKorea
Which Saudi club won the first two editions of the AFC Champions League Elite?,Al-Ahli
Which Japanese club did Al-Ahli beat in the 2026 AFC Champions League Elite final?,Machida-Zelvia
Which Japanese club did Al-Ahli beat in the 2025 AFC Champions League Elite final?,Kawasaki-Frontale
Which Australian club won the 2014 AFC Champions League?,Western-Sydney-Wanderers
In which country is the club Al-Hilal based?,SaudiArabia
In which country is the club Pohang Steelers based?,SouthKorea
In which country is the club Al-Sadd based?,Qatar
In which country is the club Al Ain based?,UAE
In which country is the club Persepolis based?,Iran
Who won the PFA Players' Player of the Year award for the 1973-74 season?,Norman-Hunter
Who won the PFA Players' Player of the Year award for the 1974-75 season?,Colin-Todd
Who won the PFA Players' Player of the Year award for the 1975-76 season?,Pat-Jennings
Who won the PFA Players' Player of the Year award for the 1976-77 season?,Andy-Gray
Who won the PFA Players' Player of the Year award for the 1977-78 season?,Peter-Shilton
Who won the PFA Players' Player of the Year award for the 1978-79 season?,Liam-Brady
Who won the PFA Players' Player of the Year award for the 1979-80 season?,Terry-McDermott
Who won the PFA Players' Player of the Year award for the 1980-81 season?,John-Wark
Who won the PFA Players' Player of the Year award for the 1981-82 season?,Kevin-Keegan
Who won the PFA Players' Player of the Year award for the 1982-83 season?,Kenny-Dalglish
Who won the PFA Players' Player of the Year award for the 1983-84 season?,Ian-Rush
Who won the PFA Players' Player of the Year award for the 1984-85 season?,Peter-Reid
Who won the PFA Players' Player of the Year award for the 1985-86 season?,Gary-Lineker
Who won the PFA Players' Player of the Year award for the 1986-87 season?,Clive-Allen
Who won the PFA Players' Player of the Year award for the 1987-88 season?,John-Barnes
Who won the PFA Players' Player of the Year award for the 1988-89 season?,Mark-Hughes
Who won the PFA Players' Player of the Year award for the 1989-90 season?,David-Platt
Who won the PFA Players' Player of the Year award for the 1990-91 season?,Mark-Hughes
Who won the PFA Players' Player of the Year award for the 1991-92 season?,Gary-Pallister
Who won the PFA Players' Player of the Year award for the 1992-93 season?,Paul-McGrath
Who won the PFA Players' Player of the Year award for the 1993-94 season?,Eric-Cantona
Who won the PFA Players' Player of the Year award for the 1994-95 season?,Alan-Shearer
Who won the PFA Players' Player of the Year award for the 1995-96 season?,Les-Ferdinand
Who won the PFA Players' Player of the Year award for the 1996-97 season?,Alan-Shearer
Who won the PFA Players' Player of the Year award for the 1997-98 season?,Dennis-Bergkamp
Who won the PFA Players' Player of the Year award for the 1998-99 season?,David-Ginola
Who won the PFA Players' Player of the Year award for the 1999-00 season?,Roy-Keane
Who won the PFA Players' Player of the Year award for the 2000-01 season?,Teddy-Sheringham
Who won the PFA Players' Player of the Year award for the 2001-02 season?,Ruud-van-Nistelrooy
Who won the PFA Players' Player of the Year award for the 2002-03 season?,Thierry-Henry
Who won the PFA Players' Player of the Year award for the 2003-04 season?,Thierry-Henry
Who won the PFA Players' Player of the Year award for the 2004-05 season?,John-Terry
Who won the PFA Players' Player of the Year award for the 2005-06 season?,Steven-Gerrard
Who won the PFA Players' Player of the Year award for the 2006-07 season?,Cristiano-Ronaldo
Who won the PFA Players' Player of the Year award for the 2007-08 season?,Cristiano-Ronaldo
Who won the PFA Players' Player of the Year award for the 2008-09 season?,Ryan-Giggs
Who won the PFA Players' Player of the Year award for the 2009-10 season?,Wayne-Rooney
Who won the PFA Players' Player of the Year award for the 2010-11 season?,Gareth-Bale
Who won the PFA Players' Player of the Year award for the 2011-12 season?,Robin-van-Persie
Who won the PFA Players' Player of the Year award for the 2012-13 season?,Gareth-Bale
Who won the PFA Players' Player of the Year award for the 2013-14 season?,Luis-Suarez
Who won the PFA Players' Player of the Year award for the 2014-15 season?,Eden-Hazard
Who won the PFA Players' Player of the Year award for the 2015-16 season?,Riyad-Mahrez
Who won the PFA Players' Player of the Year award for the 2016-17 season?,NGolo-Kante
Who won the PFA Players' Player of the Year award for the 2017-18 season?,Mohamed-Salah
Who won the PFA Players' Player of the Year award for the 2018-19 season?,Virgil-van-Dijk
Who won the PFA Players' Player of the Year award for the 2019-20 season?,Kevin-De-Bruyne
Who won the PFA Players' Player of the Year award for the 2020-21 season?,Kevin-De-Bruyne
Who won the PFA Players' Player of the Year award for the 2021-22 season?,Mohamed-Salah
Who won the PFA Players' Player of the Year award for the 2022-23 season?,Erling-Haaland
Who won the PFA Players' Player of the Year award for the 2023-24 season?,Phil-Foden
Who won the PFA Players' Player of the Year award for the 2024-25 season?,Mohamed-Salah
Who won the PFA Players' Player of the Year award for the 2025-26 season?,Bruno-Fernandes
Who is the only player to win the PFA Players' Player of the Year award three times?,Mohamed-Salah
Who won the first PFA Players' Player of the Year award in 1973-74?,Norman-Hunter
Who won the European Golden Shoe for the 2008-09 season?,Diego-Forlan
Who won the European Golden Shoe for the 2009-10 season?,Lionel-Messi
Who won the European Golden Shoe for the 2010-11 season?,Cristiano-Ronaldo
Who won the European Golden Shoe for the 2011-12 season?,Lionel-Messi
Who won the European Golden Shoe for the 2012-13 season?,Lionel-Messi
Who won the European Golden Shoe for the 2014-15 season?,Cristiano-Ronaldo
Who won the European Golden Shoe for the 2015-16 season?,Luis-Suarez
Who won the European Golden Shoe for the 2016-17 season?,Lionel-Messi
Who won the European Golden Shoe for the 2017-18 season?,Lionel-Messi
Who won the European Golden Shoe for the 2018-19 season?,Lionel-Messi
Who won the European Golden Shoe for the 2019-20 season?,Ciro-Immobile
Who won the European Golden Shoe for the 2020-21 season?,Robert-Lewandowski
Who won the European Golden Shoe for the 2021-22 season?,Robert-Lewandowski
Who won the European Golden Shoe for the 2022-23 season?,Erling-Haaland
Who won the European Golden Shoe for the 2023-24 season?,Harry-Kane
Who won the European Golden Shoe for the 2024-25 season?,Kylian-Mbappe
Who won the European Golden Shoe for the 2025-26 season?,Harry-Kane
Who has won the European Golden Shoe the most times?,Lionel-Messi
How many European Golden Shoes has Lionel Messi won?,6
How many league goals did Harry Kane score to win the 2025-26 European Golden Shoe?,36
Who won The Best FIFA Men's Player award in 2018?,Luka-Modric
Who won The Best FIFA Men's Player award in 2019?,Lionel-Messi
Who won The Best FIFA Men's Player award in 2020?,Robert-Lewandowski
Who won The Best FIFA Men's Player award in 2021?,Robert-Lewandowski
Who won The Best FIFA Men's Player award in 2022?,Lionel-Messi
Who won The Best FIFA Men's Player award in 2023?,Lionel-Messi
Who won The Best FIFA Men's Player award in 2024?,Vinicius-Junior
Who won The Best FIFA Men's Player award in 2025?,Ousmane-Dembele
Who won The Best FIFA Women's Player award in 2016?,Carli-Lloyd
Who won The Best FIFA Women's Player award in 2017?,Lieke-Martens
Who won The Best FIFA Women's Player award in 2018?,Marta
Who won The Best FIFA Women's Player award in 2019?,Megan-Rapinoe
Who won The Best FIFA Women's Player award in 2020?,Lucy-Bronze
Who won The Best FIFA Women's Player award in 2021?,Alexia-Putellas
Who won The Best FIFA Women's Player award in 2022?,Alexia-Putellas
Who won The Best FIFA Women's Player award in 2023?,Aitana-Bonmati
Who won The Best FIFA Women's Player award in 2024?,Aitana-Bonmati
Who won The Best FIFA Women's Player award in 2025?,Aitana-Bonmati
Who won The Best FIFA Men's Coach award in 2016?,Claudio-Ranieri
Who won The Best FIFA Men's Coach award in 2017?,Zinedine-Zidane
Who won The Best FIFA Men's Coach award in 2018?,Didier-Deschamps
Who won The Best FIFA Men's Coach award in 2019?,Jurgen-Klopp
Who won The Best FIFA Men's Coach award in 2020?,Jurgen-Klopp
Who won The Best FIFA Men's Coach award in 2021?,Thomas-Tuchel
Who won The Best FIFA Men's Coach award in 2022?,Lionel-Scaloni
Who won The Best FIFA Men's Coach award in 2023?,Pep-Guardiola
Who won The Best FIFA Men's Coach award in 2024?,Carlo-Ancelotti
Who won The Best FIFA Men's Coach award in 2025?,Luis-Enrique
Who won The Best FIFA Men's Goalkeeper award in 2025?,Gianluigi-Donnarumma
Who won The Best FIFA Women's Goalkeeper award in 2025?,Hannah-Hampton
Who won The Best FIFA Women's Coach award in 2025?,Sarina-Wiegman
Who became the first woman to win The Best FIFA Women's Player award three years in a row in 2025?,Aitana-Bonmati
Who won the FIFA Puskas Award for the best goal in 2009?,Cristiano-Ronaldo
Who won the FIFA Puskas Award for the best goal in 2010?,Hamit-Altintop
Who won the FIFA Puskas Award for the best goal in 2011?,Neymar
Who won the FIFA Puskas Award for the best goal in 2012?,Miroslav-Stoch
Who won the FIFA Puskas Award for the best goal in 2013?,Zlatan-Ibrahimovic
Who won the FIFA Puskas Award for the best goal in 2014?,James-Rodriguez
Who won the FIFA Puskas Award for the best goal in 2015?,Wendell-Lira
Who won the FIFA Puskas Award for the best goal in 2016?,Mohd-Faiz-Subri
Who won the FIFA Puskas Award for the best goal in 2017?,Olivier-Giroud
Who won the FIFA Puskas Award for the best goal in 2018?,Mohamed-Salah
Who won the FIFA Puskas Award for the best goal in 2019?,Daniel-Zsori
Who won the FIFA Puskas Award for the best goal in 2020?,Son-Heung-min
Who won the FIFA Puskas Award for the best goal in 2021?,Erik-Lamela
Who won the FIFA Puskas Award for the best goal in 2022?,Marcin-Oleksy
Who won the FIFA Puskas Award for the best goal in 2023?,Guilherme-Madruga
Who won the FIFA Puskas Award for the best goal in 2024?,Alejandro-Garnacho
Who won the FIFA Puskas Award for the best goal in 2025?,Santiago-Montiel
Who was the first winner of the FIFA Puskas Award in 2009?,Cristiano-Ronaldo
Who won the Yashin Trophy for the best goalkeeper in 2019?,Alisson-Becker
Who won the Yashin Trophy for the best goalkeeper in 2021?,Gianluigi-Donnarumma
Who won the Yashin Trophy for the best goalkeeper in 2022?,Thibaut-Courtois
Who won the Yashin Trophy for the best goalkeeper in 2023?,Emiliano-Martinez
Who won the Yashin Trophy for the best goalkeeper in 2024?,Emiliano-Martinez
Who won the Yashin Trophy for the best goalkeeper in 2025?,Gianluigi-Donnarumma
Who won the Golden Boy award for the best young player in Europe in 2009?,Alexandre-Pato
Who won the Golden Boy award for the best young player in Europe in 2010?,Mario-Balotelli
Who won the Golden Boy award for the best young player in Europe in 2011?,Mario-Gotze
Who won the Golden Boy award for the best young player in Europe in 2012?,Isco
Who won the Golden Boy award for the best young player in Europe in 2013?,Paul-Pogba
Who won the Golden Boy award for the best young player in Europe in 2014?,Raheem-Sterling
Who won the Golden Boy award for the best young player in Europe in 2015?,Anthony-Martial
Who won the Golden Boy award for the best young player in Europe in 2016?,Renato-Sanches
Who won the Golden Boy award for the best young player in Europe in 2017?,Kylian-Mbappe
Who won the Golden Boy award for the best young player in Europe in 2018?,Matthijs-de-Ligt
Who won the Golden Boy award for the best young player in Europe in 2019?,Joao-Felix
Who won the Golden Boy award for the best young player in Europe in 2020?,Erling-Haaland
Who won the Golden Boy award for the best young player in Europe in 2021?,Pedri
Who won the Golden Boy award for the best young player in Europe in 2022?,Gavi
Who won the Golden Boy award for the best young player in Europe in 2023?,Jude-Bellingham
Who won the Golden Boy award for the best young player in Europe in 2024?,Lamine-Yamal
Who won the Kopa Trophy for the best young player in 2018?,Kylian-Mbappe
Who won the Kopa Trophy for the best young player in 2019?,Matthijs-de-Ligt
Who won the Kopa Trophy for the best young player in 2021?,Pedri
Who won the Kopa Trophy for the best young player in 2022?,Gavi
Who won the Kopa Trophy for the best young player in 2023?,Jude-Bellingham
Who won the Kopa Trophy for the best young player in 2024?,Lamine-Yamal
Which country does Lamine Yamal represent internationally?,Spain
Which country does Pedri represent internationally?,Spain
Which country does Rodri represent internationally?,Spain
Which country does Pau Cubarsi represent internationally?,Spain
Which country does Bukayo Saka represent internationally?,England
Which country does Phil Foden represent internationally?,England
Which country does Declan Rice represent internationally?,England
Which country does Cole Palmer represent internationally?,England
Which country does Son Heung-min represent internationally?,SouthKorea
Which country does Achraf Hakimi represent internationally?,Morocco
Which country does Victor Osimhen represent internationally?,Nigeria
Which country does Mohammed Kudus represent internationally?,Ghana
Which country does Khvicha Kvaratskhelia represent internationally?,Georgia
Which country does Florian Wirtz represent internationally?,Germany
Which country does Jamal Musiala represent internationally?,Germany
Which country does Federico Valverde represent internationally?,Uruguay
Which country does Darwin Nunez represent internationally?,Uruguay
Which country does Lautaro Martinez represent internationally?,Argentina
Which country does Julian Alvarez represent internationally?,Argentina
Which country does Enzo Fernandez represent internationally?,Argentina
Which country does Alexis Mac Allister represent internationally?,Argentina
Which country does Rodrygo represent internationally?,Brazil
Which country does Raphinha represent internationally?,Brazil
Which country does Alisson Becker represent internationally?,Brazil
Which country does Bruno Fernandes represent internationally?,Portugal
Which country does Bernardo Silva represent internationally?,Portugal
Which country does Vitinha represent internationally?,Portugal
Which country does Rafael Leao represent internationally?,Portugal
Which country does Ruben Dias represent internationally?,Portugal
Which country does Joshua Kimmich represent internationally?,Germany
Which country does Manuel Neuer represent internationally?,Germany
Which country does Thibaut Courtois represent internationally?,Belgium
Which country does Romelu Lukaku represent internationally?,Belgium
Which country does Eden Hazard represent internationally?,Belgium
Which country does Martin Odegaard represent internationally?,Norway
Which country does Alexander Isak represent internationally?,Sweden
Which country does Zlatan Ibrahimovic represent internationally?,Sweden
Which country does Viktor Gyokeres represent internationally?,Sweden
Which country does Christian Pulisic represent internationally?,USA
Which country does Alphonso Davies represent internationally?,Canada
Which country does Kaoru Mitoma represent internationally?,Japan
Which country does Takefusa Kubo represent internationally?,Japan
Which country does Mehdi Taremi represent internationally?,Iran
Which country does Riyad Mahrez represent internationally?,Algeria
Which country does Yassine Bounou represent internationally?,Morocco
Which country does Kalidou Koulibaly represent internationally?,Senegal
Which country does Andre Onana represent internationally?,Cameroon
Which country does Pierre-Emerick Aubameyang represent internationally?,Gabon
Which country does Jan Oblak represent internationally?,Slovenia
Which country does Benjamin Sesko represent internationally?,Slovenia
Which country does Dusan Vlahovic represent internationally?,Serbia
Which country does Josko Gvardiol represent internationally?,Croatia
Which country does Hakan Calhanoglu represent internationally?,Turkey
Which country does Arda Guler represent internationally?,Turkey
Which country does Gianluigi Donnarumma represent internationally?,Italy
Which country does Nicolo Barella represent internationally?,Italy
Which country does William Saliba represent internationally?,France
Which country does Antoine Griezmann represent internationally?,France
Which country does NGolo Kante represent internationally?,France
Which country does Michael Olise represent internationally?,France
Which country does Luis Diaz represent internationally?,Colombia
Which country does James Rodriguez represent internationally?,Colombia
Which country does Moises Caicedo represent internationally?,Ecuador
Which country does Alexis Sanchez represent internationally?,Chile
Which country does Arturo Vidal represent internationally?,Chile
Which country did Eusebio represent?,Portugal
Which country did Luis Figo represent?,Portugal
Which country did Gheorghe Hagi represent?,Romania
Which country did Hristo Stoichkov represent?,Bulgaria
Which country did Dennis Bergkamp represent?,Netherlands
Which country did Ruud Gullit represent?,Netherlands
Which country did Bobby Charlton represent?,England
Which country did Eric Cantona represent?,France
Which country did Peter Schmeichel represent?,Denmark
Which country did Michael Laudrup represent?,Denmark
Which country did Roger Milla represent?,Cameroon
Which country did Abedi Pele represent?,Ghana
Which country did Jay-Jay Okocha represent?,Nigeria
Which country did Nwankwo Kanu represent?,Nigeria
Which country did Hidetoshi Nakata represent?,Japan
Which country did Park Ji-sung represent?,SouthKorea
Which country did Tim Cahill represent?,Australia
Which country did Landon Donovan represent?,USA
Which country did Hugo Sanchez represent?,Mexico
Which country did Rafael Marquez represent?,Mexico
Which country did Enzo Francescoli represent?,Uruguay
Which country did Carlos Valderrama represent?,Colombia
Which country did Ivan Zamorano represent?,Chile
Which country did Gabriel Batistuta represent?,Argentina
Which country did Javier Zanetti represent?,Argentina
Which country did Juan Roman Riquelme represent?,Argentina
Which country did Cafu represent?,Brazil
Which country did Roberto Carlos represent?,Brazil
Which country did Ali Daei represent?,Iran
Which country did Pavel Nedved represent?,Czechia
Which country did Andriy Shevchenko represent?,Ukraine
Which country did Zbigniew Boniek represent?,Poland
Which country did Davor Suker represent?,Croatia
Which club won the 2002 Copa Sudamericana?,San-Lorenzo
Which club won the 2003 Copa Sudamericana?,Cienciano
Which club won the 2004 Copa Sudamericana?,Boca-Juniors
Which club won the 2005 Copa Sudamericana?,Boca-Juniors
Which club won the 2006 Copa Sudamericana?,Pachuca
Which club won the 2007 Copa Sudamericana?,Arsenal-de-Sarandi
Which club won the 2008 Copa Sudamericana?,Internacional
Which club won the 2009 Copa Sudamericana?,LDU-Quito
Which club won the 2010 Copa Sudamericana?,Independiente
Which club won the 2011 Copa Sudamericana?,Universidad-de-Chile
Which club won the 2012 Copa Sudamericana?,Sao-Paulo
Which club won the 2013 Copa Sudamericana?,Lanus
Which club won the 2014 Copa Sudamericana?,River-Plate
Which club won the 2015 Copa Sudamericana?,Independiente-Santa-Fe
Which club won the 2016 Copa Sudamericana?,Chapecoense
Which club won the 2017 Copa Sudamericana?,Independiente
Which club won the 2018 Copa Sudamericana?,Athletico-Paranaense
Which club won the 2019 Copa Sudamericana?,Independiente-del-Valle
Which club won the 2020 Copa Sudamericana?,Defensa-y-Justicia
Which club won the 2021 Copa Sudamericana?,Athletico-Paranaense
Which club won the 2022 Copa Sudamericana?,Independiente-del-Valle
Which club won the 2023 Copa Sudamericana?,LDU-Quito
Which club won the 2024 Copa Sudamericana?,Racing-Club
Which club won the 2025 Copa Sudamericana?,Lanus
Which country's clubs have won the most Copa Sudamericana titles?,Argentina
Which Mexican club won the 2006 Copa Sudamericana?,Pachuca
Which club did Lanus beat on penalties in the 2025 Copa Sudamericana final?,Atletico-Mineiro
Which club did Racing Club beat in the 2024 Copa Sudamericana final?,Cruzeiro
Which Brazilian club was awarded the 2016 Copa Sudamericana after a plane crash?,Chapecoense
Which club is the only one to successfully defend the Copa Sudamericana title?,Boca-Juniors
In which year was the Copa Sudamericana first played?,2002
Which club won the Scottish league title in the 1891-92 season?,Dumbarton
Which club won the Scottish league title in the 1892-93 season?,Celtic
Which club won the Scottish league title in the 1893-94 season?,Celtic
Which club won the Scottish league title in the 1894-95 season?,Heart-of-Midlothian
Which club won the Scottish league title in the 1895-96 season?,Celtic
Which club won the Scottish league title in the 1896-97 season?,Heart-of-Midlothian
Which club won the Scottish league title in the 1897-98 season?,Celtic
Which club won the Scottish league title in the 1898-99 season?,Rangers
Which club won the Scottish league title in the 1899-00 season?,Rangers
Which club won the Scottish league title in the 1900-01 season?,Rangers
Which club won the Scottish league title in the 1901-02 season?,Rangers
Which club won the Scottish league title in the 1902-03 season?,Hibernian
Which club won the Scottish league title in the 1903-04 season?,Third-Lanark
Which club won the Scottish league title in the 1904-05 season?,Celtic
Which club won the Scottish league title in the 1905-06 season?,Celtic
Which club won the Scottish league title in the 1906-07 season?,Celtic
Which club won the Scottish league title in the 1907-08 season?,Celtic
Which club won the Scottish league title in the 1908-09 season?,Celtic
Which club won the Scottish league title in the 1909-10 season?,Celtic
Which club won the Scottish league title in the 1931-32 season?,Motherwell
Which club won the Scottish league title in the 1947-48 season?,Hibernian
Which club won the Scottish league title in the 1950-51 season?,Hibernian
Which club won the Scottish league title in the 1951-52 season?,Hibernian
Which club won the Scottish league title in the 1953-54 season?,Celtic
Which club won the Scottish league title in the 1954-55 season?,Aberdeen
Which club won the Scottish league title in the 1957-58 season?,Heart-of-Midlothian
Which club won the Scottish league title in the 1959-60 season?,Heart-of-Midlothian
Which club won the Scottish league title in the 1961-62 season?,Dundee
Which club won the Scottish league title in the 1964-65 season?,Kilmarnock
Which club won the Scottish league title in the 1965-66 season?,Celtic
Which club won the Scottish league title in the 1966-67 season?,Celtic
Which club won the Scottish league title in the 1967-68 season?,Celtic
Which club won the Scottish league title in the 1968-69 season?,Celtic
Which club won the Scottish league title in the 1969-70 season?,Celtic
Which club won the Scottish league title in the 1970-71 season?,Celtic
Which club won the Scottish league title in the 1971-72 season?,Celtic
Which club won the Scottish league title in the 1972-73 season?,Celtic
Which club won the Scottish league title in the 1973-74 season?,Celtic
Which club won the Scottish league title in the 1974-75 season?,Rangers
Which club won the Scottish league title in the 1975-76 season?,Rangers
Which club won the Scottish league title in the 1976-77 season?,Celtic
Which club won the Scottish league title in the 1977-78 season?,Rangers
Which club won the Scottish league title in the 1978-79 season?,Celtic
Which club won the Scottish league title in the 1979-80 season?,Aberdeen
Which club won the Scottish league title in the 1980-81 season?,Celtic
Which club won the Scottish league title in the 1981-82 season?,Celtic
Which club won the Scottish league title in the 1982-83 season?,Dundee-United
Which club won the Scottish league title in the 1983-84 season?,Aberdeen
Which club won the Scottish league title in the 1984-85 season?,Aberdeen
Which club won the Scottish league title in the 1985-86 season?,Celtic
Which club won the Scottish league title in the 1986-87 season?,Rangers
Which club won the Scottish league title in the 1987-88 season?,Celtic
Which club won the Scottish league title in the 1988-89 season?,Rangers
Which club won the Scottish league title in the 1989-90 season?,Rangers
Which club won the Scottish league title in the 1990-91 season?,Rangers
Which club won the Scottish league title in the 1991-92 season?,Rangers
Which club won the Scottish league title in the 1992-93 season?,Rangers
Which club won the Scottish league title in the 1993-94 season?,Rangers
Which club won the Scottish league title in the 1994-95 season?,Rangers
Which club won the Scottish league title in the 1995-96 season?,Rangers
Which club won the Scottish league title in the 1996-97 season?,Rangers
Which club won the Scottish league title in the 1997-98 season?,Celtic
Which club won the Scottish league title in the 1998-99 season?,Rangers
Which club won the Scottish league title in the 1999-00 season?,Rangers
Which club won the Scottish league title in the 2000-01 season?,Celtic
Which club won the Scottish league title in the 2001-02 season?,Celtic
Which club won the Scottish league title in the 2002-03 season?,Rangers
Which club won the Scottish league title in the 2003-04 season?,Celtic
Which club won the Scottish league title in the 2004-05 season?,Rangers
Which club won the Scottish league title in the 2005-06 season?,Celtic
Which club won the Scottish league title in the 2006-07 season?,Celtic
Which club won the Scottish league title in the 2007-08 season?,Celtic
Which club won the Scottish league title in the 2008-09 season?,Rangers
Which club won the Scottish league title in the 2009-10 season?,Rangers
Which club won the Scottish league title in the 2010-11 season?,Rangers
Which club won the Scottish league title in the 2011-12 season?,Celtic
Which club won the Scottish league title in the 2012-13 season?,Celtic
Which club won the Scottish league title in the 2013-14 season?,Celtic
Which club won the Scottish league title in the 2014-15 season?,Celtic
Which club won the Scottish league title in the 2015-16 season?,Celtic
Which club won the Scottish league title in the 2016-17 season?,Celtic
Which club won the Scottish league title in the 2017-18 season?,Celtic
Which club won the Scottish league title in the 2018-19 season?,Celtic
Which club won the Scottish league title in the 2019-20 season?,Celtic
Which club won the Scottish league title in the 2020-21 season?,Rangers
Which club won the Scottish league title in the 2021-22 season?,Celtic
Which club won the Scottish league title in the 2022-23 season?,Celtic
Which club won the Scottish league title in the 2023-24 season?,Celtic
Which club won the Scottish league title in the 2024-25 season?,Celtic
Which club won the Scottish league title in the 2025-26 season?,Celtic
Which club has won the most Scottish league titles?,Celtic
How many Scottish league titles has Celtic won?,56
How many Scottish league titles has Rangers won?,55
Which club won nine consecutive Scottish titles from 1988-89 to 1996-97?,Rangers
Which club won nine consecutive Scottish titles from 2011-12 to 2019-20?,Celtic
Which club ended Celtic's run by winning the 2020-21 Scottish Premiership?,Rangers
"Which manager led Aberdeen to Scottish titles in 1980, 1984 and 1985?",Alex-Ferguson
Which club won its only Scottish league title in 1982-83?,Dundee-United
What nickname is given to the Glasgow rivalry between Celtic and Rangers?,Old-Firm
Which club won the Portuguese league title in the 1938-39 season?,Porto
Which club won the Portuguese league title in the 1939-40 season?,Porto
Which club won the Portuguese league title in the 1940-41 season?,Sporting-CP
Which club won the Portuguese league title in the 1941-42 season?,Benfica
Which club won the Portuguese league title in the 1942-43 season?,Benfica
Which club won the Portuguese league title in the 1943-44 season?,Sporting-CP
Which club won the Portuguese league title in the 1944-45 season?,Benfica
Which club won the Portuguese league title in the 1945-46 season?,Belenenses
Which club won the Portuguese league title in the 1946-47 season?,Sporting-CP
Which club won the Portuguese league title in the 1947-48 season?,Sporting-CP
Which club won the Portuguese league title in the 1948-49 season?,Sporting-CP
Which club won the Portuguese league title in the 1949-50 season?,Benfica
Which club won the Portuguese league title in the 1950-51 season?,Sporting-CP
Which club won the Portuguese league title in the 1951-52 season?,Sporting-CP
Which club won the Portuguese league title in the 1952-53 season?,Sporting-CP
Which club won the Portuguese league title in the 1953-54 season?,Sporting-CP
Which club won the Portuguese league title in the 1954-55 season?,Benfica
Which club won the Portuguese league title in the 1955-56 season?,Porto
Which club won the Portuguese league title in the 1956-57 season?,Benfica
Which club won the Portuguese league title in the 1957-58 season?,Sporting-CP
Which club won the Portuguese league title in the 1958-59 season?,Porto
Which club won the Portuguese league title in the 1959-60 season?,Benfica
Which club won the Portuguese league title in the 1960-61 season?,Benfica
Which club won the Portuguese league title in the 1961-62 season?,Sporting-CP
Which club won the Portuguese league title in the 1962-63 season?,Benfica
Which club won the Portuguese league title in the 1963-64 season?,Benfica
Which club won the Portuguese league title in the 1964-65 season?,Benfica
Which club won the Portuguese league title in the 1965-66 season?,Sporting-CP
Which club won the Portuguese league title in the 1966-67 season?,Benfica
Which club won the Portuguese league title in the 1967-68 season?,Benfica
Which club won the Portuguese league title in the 1968-69 season?,Benfica
Which club won the Portuguese league title in the 1969-70 season?,Sporting-CP
Which club won the Portuguese league title in the 1970-71 season?,Benfica
Which club won the Portuguese league title in the 1971-72 season?,Benfica
Which club won the Portuguese league title in the 1972-73 season?,Benfica
Which club won the Portuguese league title in the 1973-74 season?,Sporting-CP
Which club won the Portuguese league title in the 1974-75 season?,Benfica
Which club won the Portuguese league title in the 1975-76 season?,Benfica
Which club won the Portuguese league title in the 1976-77 season?,Benfica
Which club won the Portuguese league title in the 1977-78 season?,Porto
Which club won the Portuguese league title in the 1978-79 season?,Porto
Which club won the Portuguese league title in the 1979-80 season?,Sporting-CP
Which club won the Portuguese league title in the 1980-81 season?,Benfica
Which club won the Portuguese league title in the 1981-82 season?,Sporting-CP
Which club won the Portuguese league title in the 1982-83 season?,Benfica
Which club won the Portuguese league title in the 1983-84 season?,Benfica
Which club won the Portuguese league title in the 1984-85 season?,Porto
Which club won the Portuguese league title in the 1985-86 season?,Porto
Which club won the Portuguese league title in the 1986-87 season?,Benfica
Which club won the Portuguese league title in the 1987-88 season?,Porto
Which club won the Portuguese league title in the 1988-89 season?,Benfica
Which club won the Portuguese league title in the 1989-90 season?,Porto
Which club won the Portuguese league title in the 1990-91 season?,Benfica
Which club won the Portuguese league title in the 1991-92 season?,Porto
Which club won the Portuguese league title in the 1992-93 season?,Porto
Which club won the Portuguese league title in the 1993-94 season?,Benfica
Which club won the Portuguese league title in the 1994-95 season?,Porto
Which club won the Portuguese league title in the 1995-96 season?,Porto
Which club won the Portuguese league title in the 1996-97 season?,Porto
Which club won the Portuguese league title in the 1997-98 season?,Porto
Which club won the Portuguese league title in the 1998-99 season?,Porto
Which club won the Portuguese league title in the 1999-00 season?,Sporting-CP
Which club won the Portuguese league title in the 2000-01 season?,Boavista
Which club won the Portuguese league title in the 2001-02 season?,Sporting-CP
Which club won the Portuguese league title in the 2002-03 season?,Porto
Which club won the Portuguese league title in the 2003-04 season?,Porto
Which club won the Portuguese league title in the 2004-05 season?,Benfica
Which club won the Portuguese league title in the 2005-06 season?,Porto
Which club won the Portuguese league title in the 2006-07 season?,Porto
Which club won the Portuguese league title in the 2007-08 season?,Porto
Which club won the Portuguese league title in the 2008-09 season?,Porto
Which club won the Portuguese league title in the 2009-10 season?,Benfica
Which club won the Portuguese league title in the 2010-11 season?,Porto
Which club won the Portuguese league title in the 2011-12 season?,Porto
Which club won the Portuguese league title in the 2012-13 season?,Porto
Which club won the Portuguese league title in the 2013-14 season?,Benfica
Which club won the Portuguese league title in the 2014-15 season?,Benfica
Which club won the Portuguese league title in the 2015-16 season?,Benfica
Which club won the Portuguese league title in the 2016-17 season?,Benfica
Which club won the Portuguese league title in the 2017-18 season?,Porto
Which club won the Portuguese league title in the 2018-19 season?,Benfica
Which club won the Portuguese league title in the 2019-20 season?,Porto
Which club won the Portuguese league title in the 2020-21 season?,Sporting-CP
Which club won the Portuguese league title in the 2021-22 season?,Porto
Which club won the Portuguese league title in the 2022-23 season?,Benfica
Which club won the Portuguese league title in the 2023-24 season?,Sporting-CP
Which club won the Portuguese league title in the 2024-25 season?,Sporting-CP
Which club won the Portuguese league title in the 2025-26 season?,Porto
Which club finished runner-up in the Portuguese league in 2018-19?,Porto
Which club finished runner-up in the Portuguese league in 2019-20?,Benfica
Which club finished runner-up in the Portuguese league in 2020-21?,Porto
Which club finished runner-up in the Portuguese league in 2021-22?,Sporting-CP
Which club finished runner-up in the Portuguese league in 2022-23?,Porto
Which club finished runner-up in the Portuguese league in 2023-24?,Benfica
Which club finished runner-up in the Portuguese league in 2024-25?,Benfica
Which club finished runner-up in the Portuguese league in 2025-26?,Sporting-CP
Which club has won the most Portuguese league titles?,Benfica
How many Portuguese league titles has Benfica won?,38
Which club won five consecutive Portuguese titles from 1994-95 to 1998-99?,Porto
Which club won its only Portuguese league title in 2000-01?,Boavista
Which Lisbon club won its only Portuguese league title in 1945-46?,Belenenses
Which club won MLS Cup 1996?,DC-United
Which club won MLS Cup 1997?,DC-United
Which club won MLS Cup 1998?,Chicago-Fire
Which club won MLS Cup 1999?,DC-United
Which club won MLS Cup 2000?,Kansas-City-Wizards
Which club won MLS Cup 2001?,San-Jose-Earthquakes
Which club won MLS Cup 2002?,LA-Galaxy
Which club won MLS Cup 2003?,San-Jose-Earthquakes
Which club won MLS Cup 2004?,DC-United
Which club won MLS Cup 2005?,LA-Galaxy
Which club won MLS Cup 2006?,Houston-Dynamo
Which club won MLS Cup 2007?,Houston-Dynamo
Which club won MLS Cup 2008?,Columbus-Crew
Which club won MLS Cup 2009?,Real-Salt-Lake
Which club won MLS Cup 2010?,Colorado-Rapids
Which club won MLS Cup 2011?,LA-Galaxy
Which club won MLS Cup 2012?,LA-Galaxy
Which club won MLS Cup 2013?,Sporting-Kansas-City
Which club won MLS Cup 2014?,LA-Galaxy
Which club won MLS Cup 2015?,Portland-Timbers
Which club won MLS Cup 2016?,Seattle-Sounders
Which club won MLS Cup 2017?,Toronto-FC
Which club won MLS Cup 2018?,Atlanta-United
Which club won MLS Cup 2019?,Seattle-Sounders
Which club won MLS Cup 2020?,Columbus-Crew
Which club won MLS Cup 2021?,New-York-City-FC
Which club won MLS Cup 2022?,Los-Angeles-FC
Which club won MLS Cup 2023?,Columbus-Crew
Which club won MLS Cup 2024?,LA-Galaxy
Which club won MLS Cup 2025?,Inter-Miami
Which club has won the most MLS Cup titles?,LA-Galaxy
How many MLS Cup titles has LA Galaxy won?,6
Which club won the first MLS Cup in 1996?,DC-United
Which club did Inter Miami beat in MLS Cup 2025?,Vancouver-Whitecaps
Who was named MVP of MLS Cup 2025?,Lionel-Messi
Which club did LA Galaxy beat in MLS Cup 2024?,New-York-Red-Bulls
Which Canadian club won MLS Cup 2017?,Toronto-FC
What trophy does MLS award to the team with the most regular-season points?,Supporters-Shield
"Which player holds the world record transfer fee, set in 2017?",Neymar
Which club paid the world record transfer fee to sign Neymar in 2017?,PSG
Which club sold Neymar for a world record fee in 2017?,Barcelona
What was Neymar's world record transfer fee in millions of euros?,222
From which club did PSG sign Kylian Mbappe in 2017?,Monaco
Which club did Kylian Mbappe join on a free transfer in 2024?,Real-Madrid
From which club did Barcelona sign Philippe Coutinho in 2018?,Liverpool
Which club signed Joao Felix from Benfica in 2019?,Atletico-Madrid
Which club signed Jude Bellingham from Borussia Dortmund in 2023?,Real-Madrid
Which club signed Declan Rice from West Ham in 2023?,Arsenal
Which club signed Moises Caicedo from Brighton in 2023?,Chelsea
Which club signed Enzo Fernandez from Benfica in January 2023?,Chelsea
Which club signed Enzo Fernandez from Chelsea in 2026 for a joint British record fee?,Manchester-City
Which player moved from Newcastle to Liverpool for a British record fee in 2025?,Alexander-Isak
What was Alexander Isak's British record transfer fee in millions of pounds?,125
Which club signed Florian Wirtz from Bayer Leverkusen in 2025?,Liverpool
Which club signed Morgan Rogers from Aston Villa in 2026?,Chelsea
Which club signed Harry Kane from Tottenham in 2023?,Bayern-Munich
Which club signed Erling Haaland from Borussia Dortmund in 2022?,Manchester-City
Which club signed Paul Pogba from Juventus for a world record fee in 2016?,Manchester-United
Which club signed Gareth Bale from Tottenham for a world record fee in 2013?,Real-Madrid
Which club signed Cristiano Ronaldo from Manchester United for a world record fee in 2009?,Real-Madrid
Which club signed Cristiano Ronaldo from Real Madrid in 2018?,Juventus
Which Saudi club did Cristiano Ronaldo join in 2023?,Al-Nassr
Which club did Lionel Messi join after leaving Barcelona in 2021?,PSG
Which MLS club did Lionel Messi join in 2023?,Inter-Miami
Which club signed Zinedine Zidane from Juventus for a world record fee in 2001?,Real-Madrid
Which club signed Luis Figo directly from rivals Barcelona in 2000?,Real-Madrid
Which club signed Diego Maradona from Barcelona in 1984?,Napoli
What is the name of the 1995 court ruling that allowed free transfers when contracts expire?,Bosman-ruling
